title,description,category,image_link,read_link
WATCH: MacGYVER! Jotsholo lad electrifies homestead,"Flora Fadzai Sibanda, Chronicle Reporter SCIENTISTS in the West say recycling of e-waste must urgently be ramped up ...",Local News,https://www.chronicle.co.zw/wp-content/uploads/sites/3/2023/03/Untitled-7-2-200x200.jpg,https://www.chronicle.co.zw/macgyver-jotsholo-lad-electrifies-homestead/
"EVERYONE IS A SUSPECT, EVERYONE IS GUILTY: Wrong man arrested after LONE gunman senselessly attacks school kids","Raymond Jaravaza, Saturday Chronicle Correspondent YOU would expect women and school children to be the only ones who ...",Local News,https://www.chronicle.co.zw/wp-content/uploads/sites/3/2023/03/Empandeni-Mission-Girls-High-School-200x200.jpg,https://www.chronicle.co.zw/everyone-is-a-suspect-everyone-is-guilty-wrong-man-arrested-after-lone-gunman-senselessly-attacks-school-kids/
Former Highlanders rising star turns down Major League for art,"Ricky Zililo, Senior Sports Reporter IN 2010, Ackim Mpofu was touted as a future star for Highlanders FC and the ...",Sport,https://www.chronicle.co.zw/wp-content/uploads/sites/3/2023/03/Untitled-26-200x200.jpg,https://www.chronicle.co.zw/former-highlanders-rising-star-turns-down-major-league-for-art/
Zimbabweans find new pastime: holidaying in groups,"Flora Fadzai Sibanda, Chronicle Reporter EVERYONE gets excited when they are going on a holiday retreat. Be it to ...",Entertainment,https://www.chronicle.co.zw/wp-content/uploads/sites/3/2023/03/Untitled-18-200x200.jpg,https://www.chronicle.co.zw/zimbabweans-find-new-pastime-holidaying-in-groups/
Government fulfils housing promise: Delivers 220 units in Beitbridge,"Thupeyo Muleya, Beitbridge Bureau  The 220 houses and flats in Beitbridge Government village for staff assigned to the ...",Local News,https://www.chronicle.co.zw/wp-content/uploads/sites/3/2023/03/Some-of-the-220-houses-built-by-the-Government-for-Beitbridge-Border-Post-employees-that-were-handed-over-to-Local-Government-and-Public-Works-Minister-July-Moyo-yesterday-200x200.jpg,https://www.chronicle.co.zw/government-fulfils-housing-promise-delivers-220-units-in-beitbridge/
"‘HIV, the gift that I embraced from birth’","Millicent Dube, Showbiz Reporter TICHAONA Mudhobhi (33) was born with HIV and wears his status like a badge. The former ...",Entertainment,https://www.chronicle.co.zw/wp-content/uploads/sites/3/2023/03/Untitled-1-4-200x200.jpg,https://www.chronicle.co.zw/hiv-the-gift-that-i-embraced-from-birth/
Weight loss  plan births  champion  swimmer,"Brandon Moyo, Sports Reporter AT just the age of 12, a young Bulawayo boy took up swimming to lose weight, little did he ...",Sport,https://www.chronicle.co.zw/wp-content/uploads/sites/3/2023/03/Untitled-7-5-200x200.jpg,https://www.chronicle.co.zw/weight-loss-plan-births-champion-swimmer/
Community co-operation key in weeding out drug dealers,"IN yesterday’s edition, we ran a heart-rending story of a Luveve couple who have been forced to chain their 27-year-old ...",Opinion & Analysis,https://www.chronicle.co.zw/wp-content/uploads/sites/3/2023/02/Untitled-11-10-200x200.jpg,https://www.chronicle.co.zw/community-co-operation-key-in-weeding-out-drug-dealers/
Who goes first? Gweru: a city without traffic lights,"Tinomuda Chakanyuka Green means go, and red means stop. That is the rule on the road, but when traffic lights are down, ...",Local News,https://www.chronicle.co.zw/wp-content/uploads/sites/3/2023/03/Untitled-4-2-200x200.jpg,https://www.chronicle.co.zw/who-goes-first-gweru-a-city-without-traffic-lights/
"Curiosa, curiosa, hooray","Stephen Mpofu, Perspective Yes, curiosa plus – but book pirates in this country hug themselves with glee as they ...",Opinion & Analysis,https://www.chronicle.co.zw/wp-content/uploads/sites/3/2023/03/File-picture-Vendors-sell-pirated-books-in-Bulawayo-central-business-centre-200x200.jpg,https://www.chronicle.co.zw/curiosa-curiosa-hooray/
"The dark side of occult wealth seeking. . . stay away from ukuthwala/kuromba, Zimbos warned","Raymond Jaravaza, Saturday Chronicle Correspondent IMAGINE being instructed by an inyanga or sangoma to take soil from a ...",Entertainment,https://www.chronicle.co.zw/wp-content/uploads/sites/3/2023/03/Untitled-5-5-200x200.jpg,https://www.chronicle.co.zw/the-dark-side-of-occult-wealth-seeking-stay-away-from-ukuthwalakuromba-zimbos-warned/
Zimbabwe names squads for three-day matches against English county sides,"Brandon Moyo, Sports Reporter ZIMBABWE Cricket (ZC) has announced two squads that will play against English counties, ...",Sport,https://www.chronicle.co.zw/wp-content/uploads/sites/3/2023/03/Untitled-17-3-200x200.jpg,https://www.chronicle.co.zw/zim-names-squads-for-three-day-matches-against-english-county-sideszim-names-squads-for-three-day-matches-against-english-county-sides/
Tracy Phiri: The athlete and sports administrator all rolled into one,"Innocent Kurira, Sports Reporter TRACY Phiri is a woman on a mission. A born perfectionist, she has dedicated all her ...",Sport,https://www.chronicle.co.zw/wp-content/uploads/sites/3/2023/03/Untitled-13-2-200x200.jpg,https://www.chronicle.co.zw/tracy-phiri-the-athlete-and-sports-administrator-all-rolled-into-one/
Pitfalls of male coach in a women’s sports team,"Innocent Kurira, Sports Reporter BEING a male coach in charge of a women’s sports team is no easy stroll. It demands one ...",Sport,https://www.chronicle.co.zw/wp-content/uploads/sites/3/2023/02/dddddd-200x200.jpg,https://www.chronicle.co.zw/pitfalls-of-male-coach-in-a-womens-sports-team/
Beauty comes from inside (a hair salon)… A day in the life of a hairstylist,"Millicent Dube, Showbiz reporter The Bible states in 1 Corinthians 11:15 that if a woman has long hair, it is her glory. ...",Entertainment,https://www.chronicle.co.zw/wp-content/uploads/sites/3/2023/02/Life-of-a-hairdresser-Khula-Moyo-and-Brenda-Sibanda2-200x200.jpg,https://www.chronicle.co.zw/beauty-comes-from-inside-a-hair-salon-a-day-in-the-life-of-a-hairstylist/
"Law to raise litter fines, make bottle deposits mandatory: VP","Fungai Lupande, Mash Central Bureau THE law on littering is being tightened to deter litterbugs and a new Bill being ...",Local News,https://www.chronicle.co.zw/wp-content/uploads/sites/3/2023/02/aqwsa-200x200.jpg,https://www.chronicle.co.zw/law-to-raise-litter-fines-make-bottle-deposits-mandatory-vp/
Disco rescues marooned communities with new bridge,"Patrick Chitumba, Midlands Bureau Chief ABOUT 20 kilometres after Mvuma town, along the Masvingo-Harare highway, is a ...",Local News,https://www.chronicle.co.zw/wp-content/uploads/sites/3/2023/02/Untitled-40-200x200.jpg,https://www.chronicle.co.zw/disco-rescues-marooned-communities-with-new-bridge/
Manchester United face moral dilemma over Greenwood,"After Mason Greenwood’s attempted rape and assault charges were dropped by the Crown Prosecution Service on Thursday, ...",Uncategorized,https://www.chronicle.co.zw/wp-content/uploads/sites/3/2022/10/Untitled-4-10-200x200.jpg,https://www.chronicle.co.zw/manchester-united-face-moral-dilemma-over-greenwood/
BCC to blame for bad roads in Bulawayo,"Thandeka Moyo-Ndlovu, Senior Reporter BULAWAYO Secretary for Provincial Affairs and Devolution Mr Paul Nyoni has ...",Local News,https://www.chronicle.co.zw/wp-content/uploads/sites/3/2022/12/fgbvbvb-200x200.jpg,https://www.chronicle.co.zw/bcc-to-blame-for-bad-roads-in-bulawayo/
LA Beatz ready to work with local artistes,"Mbulelo Mpofu, Showbiz Reporter MUSIC is therapeutic. It numbs the pain, soothes heartaches, gets one fired up, ...",Entertainment,https://www.chronicle.co.zw/wp-content/uploads/sites/3/2023/02/Untitled-33-1-200x200.jpg,https://www.chronicle.co.zw/la-beatz-ready-to-work-with-local-artistes/
Zimbabwe ready for Windies Test: Craig Ervine,"Brandon Moyo, Sports Reporter ZIMBABWE Cricket Test captain, Craig Ervine has said his side is ready to face West Indies ...",Sport,https://www.chronicle.co.zw/wp-content/uploads/sites/3/2023/02/sxazsa-200x200.jpg,https://www.chronicle.co.zw/zimbabwe-ready-for-windies-test-craig-ervine/
Could he be Bulawayo’s best barber?,"Brandon Moyo, Chronicle Reporter Barber Ramesh Babu is the richest barber in the world and is considered the best. Abel ...",Local News,https://www.chronicle.co.zw/wp-content/uploads/sites/3/2023/02/errreere-1-200x200.jpg,https://www.chronicle.co.zw/could-he-be-bulawayos-best-barber/
Zimsec nullifies results for 4 961 O-Level candidates,"Sikhumbuzo Moyo, Senior Reporter THE 2022 Zimbabwe Schools Examination Council (Zimsec) Ordinary Level results were ...",Local News,https://www.chronicle.co.zw/wp-content/uploads/sites/3/2022/04/ZIMSEC-200x200.jpg,https://www.chronicle.co.zw/zimsec-nullifies-results-for-4-961-o-level-candidates/
Another PSL test for Sheasham,"Ricky Zililo, Senior Sports Reporter NEWLY promoted Gweru-based Premiership side Sheasham will get another test of ...",Sport,https://www.chronicle.co.zw/wp-content/uploads/sites/3/2023/02/w232q-200x200.jpg,https://www.chronicle.co.zw/another-psl-test-for-sheasham/
Experience the fruity flavours of the passion fruit Lagoon,"Drink of the week with Peter Matika IT’S yellow in colour, and has a fruity and sweet-scented aroma. It’s a passion ...",Entertainment,https://www.chronicle.co.zw/wp-content/uploads/sites/3/2023/02/Untitled-4-copy-200x200.jpg,https://www.chronicle.co.zw/experience-the-fruity-flavours-of-the-passion-fruit-lagoon/
"Zesa, NetOne partner to provide 17 000 smart meters","Ivan Zhakata, Harare Bureau ZESA, through its distribution subsidiary, ZETDC, has partnered with NetOne to provide over ...",Local News,https://www.chronicle.co.zw/wp-content/uploads/sites/3/2022/05/Untitled-17-13-200x200.jpg,https://www.chronicle.co.zw/zesa-netone-partner-to-provide-17-000-smart-meters/
Brigadier General (Rtd) Epmarcus Walter Kanhanga stalwart of the armed liberation struggle: President Mnangagwa,"Nqobile Bhebhe, Senior Reporter PRESIDENT Mnangagwa has described Brigadier General (Rtd) Epmarcus Walter Kanhanga as a ...",Local News,https://www.chronicle.co.zw/wp-content/uploads/sites/3/2023/01/lopiolik-200x200.jpg,https://www.chronicle.co.zw/brigadier-general-rtd-epmarcus-walter-kanhanga-stalwart-of-the-armed-liberation-struggle-president-mnangagwa/
Form 3 pupil collapses and dies during sports in Bulawayo,"Flora Fadzai Sibanda, Chronicle Reporter  A FORM THREE pupil died on Thursday at Maranatha High School in Nketa suburb ...",Local News,https://www.chronicle.co.zw/wp-content/uploads/sites/3/2023/02/download-200x200.jpg,https://www.chronicle.co.zw/form-3-pupil-collapses-and-dies-during-sports-in-bulawayo/
"$20bn worth of gold coins sold, no plans to withdraw them soon – RBZ","Nqobile Bhebhe, Senior Business Reporter RESERVE Bank of Zimbabwe (RBZ) Governor, Dr John Mangudya, says a total of 25 ...",Business,https://www.chronicle.co.zw/wp-content/uploads/sites/3/2022/07/ewgg-200x200.jpg,https://www.chronicle.co.zw/20bn-worth-of-gold-coins-sold-no-plans-to-withdraw-them-soon-rbz/
Solusi University embarks on countrywide student mobile recruitment,"Leonard Ncube, Online Reporter SOLUSI University has embarked on a countrywide mobile student recruitment exercise to ...",Local News,https://www.chronicle.co.zw/wp-content/uploads/sites/3/2023/02/887ea37a-8ac4-4e7f-a1d6-eefd12cd7d81-200x200.jpg,https://www.chronicle.co.zw/solusi-university-embarks-on-countrywide-student-mobile-recruitment/
Health ambassadors for economic development holds trade conference,"Flora Fadzai Sibanda, Online Reporter HEALTH Ambassadors for Economic Development on Thursday held their health and ...",Local News,https://www.chronicle.co.zw/wp-content/uploads/sites/3/2023/02/6c82f168-5322-4924-9734-0aacff4a4b8f-200x200.jpg,https://www.chronicle.co.zw/health-ambassadors-for-economic-development-holds-trade-conference/
"Why mission statements, core values, KRAs and performance indicators?","Talking Strategy With Dr Julius Tapera AFTER successfully crafting a clear vision statement, which paints the ...",Business,https://www.chronicle.co.zw/wp-content/uploads/sites/3/2023/02/efb973e0-135c-44dc-906f-097ddb940538-200x200.jpg,https://www.chronicle.co.zw/why-mission-statements-core-values-kras-and-performance-indicators/
Small thermals weak-link in ZPC power generation,"Senior Business Reporter THE Zimbabwe Power Company (ZPC) missed its projected 2022 power generation target of 9,111GWh ...",Business,https://www.chronicle.co.zw/wp-content/uploads/sites/3/2021/12/Bulawayo-Thermal-Power-Station-200x200.jpg,https://www.chronicle.co.zw/small-thermals-weak-link-in-zpc-power-generation/
Zanu PF gears up nationwide cell building and verification exercise,"Nqobile Bhebhe, Senior Reporter ZANU PF provincial structures are set to convene Provincial Coordinating Committee  ...",Business,https://www.chronicle.co.zw/wp-content/uploads/sites/3/2019/09/MIKE-BIMHA-2-200x200.jpg,https://www.chronicle.co.zw/zanu-pf-gears-up-nationwide-cell-building-and-verification-exercise/
Kwekwe City in tariffs increase climbdown,"Michael Magoronga, Midlands Correspondent KWEKWE City Council has resolved to implement its 2023 budget in phases ...",Business,https://www.chronicle.co.zw/wp-content/uploads/sites/3/2022/11/Untitled-12-3-200x200.jpg,https://www.chronicle.co.zw/kwekwe-city-in-tariffs-increase-climbdown/
Zimbabwe lose against Kyrgyzstan in chess Olympiad,"Brandon Moyo, Sports Reporter THE Zimbabwean team participating at the inaugural International Chess Federation (FIDE) ...",Local News,https://www.chronicle.co.zw/wp-content/uploads/sites/3/2022/04/Untitled-4-2-200x200.jpg,https://www.chronicle.co.zw/zimbabwe-lose-against-kyrgyzstan-in-chess-olympiad/
Another PSL test Sheasham as they hosts Black Rhinos,"Ricky Zililo, Senior Sports Reporter NEWLY promoted Gweru-based Premiership side Sheasham will get another test of ...",Local News,https://www.chronicle.co.zw/wp-content/uploads/sites/3/2023/02/Sheasham-Football-Club-players-and-coaches-200x200.jpg,https://www.chronicle.co.zw/another-psl-test-sheasham-as-they-hosts-black-rhinos/
Rainbow Netball League gets underway,"Innocent Kurira, Sports Reporter THE Rainbow Netball League season gets underway tomorrow with 18 teams set to be part ...",Local News,https://www.chronicle.co.zw/wp-content/uploads/sites/3/2023/02/Netball-game-of-the-week-200x200.jpg,https://www.chronicle.co.zw/rainbow-netball-league-gets-underway/
Govt lifts Rimbi bus company’s operator license suspension,"Sikhumbuzo Moyo, Online Reporter GOVERNMENT has lifted the suspension of the operator’s license for Rimbi Travel and ...",Crime & Courts,https://www.chronicle.co.zw/wp-content/uploads/sites/3/2023/01/unnamed-200x200.png,https://www.chronicle.co.zw/govt-lifts-rimbi-bus-companys-operator-license-suspension/
Low attendance at chess arbiters’ seminar,"Brandon Moyo, Sports Reporter THERE was a low turnout at the Bulawayo Chess Association (BCA) Arbiters’ workshop which ...",Sport,https://www.chronicle.co.zw/wp-content/uploads/sites/3/2023/01/mvgxfgx-200x200.jpg,https://www.chronicle.co.zw/low-attendance-at-chess-arbiters-seminar/
Election observers are important for democracy,Thomas Malony and Robert Macdonald Election observers keep watch over polls throughout the world. Their job is to ...,Opinion & Analysis,https://www.chronicle.co.zw/wp-content/uploads/sites/3/2023/02/dssdfrf-200x200.jpg,https://www.chronicle.co.zw/election-observers-are-important-for-democracy/
"Eveline High teacher, icon award winner","Thandeka Moyo-Ndlovu, Senior Reporter EVELINE High School teacher, Mr Jobert Ngwenya, is the 2022 Accountability Lab ...",Local News,https://www.chronicle.co.zw/wp-content/uploads/sites/3/2023/02/Mr-Jobert-Ngwenya-the-winner-of-the-people’s-choice-global-Accountability-Lab-Integrity-Icon-Award-200x200.jpg,https://www.chronicle.co.zw/eveline-high-teacher-icon-award-winner/
Denilson Cyprianos shines in the USA,"Brandon Moyo, Sports Reporter ZIMBABWEAN swimmer, Denilson Cyprianos continued to show his skill in the pool after he ...",Sport,https://www.chronicle.co.zw/wp-content/uploads/sites/3/2023/02/hjnfth-200x200.jpg,https://www.chronicle.co.zw/denilson-cyprianos-shines-in-the-usa/
US diplomat visits Zimbabwe,"Nobile Tshili, Chronicle Reporter ZIMBABWE will host an American diplomat who will be in the country on a four-day visit ...",Local News,https://www.chronicle.co.zw/wp-content/uploads/sites/3/2021/02/Dr-Frederick-Shava-200x200.jpg,https://www.chronicle.co.zw/us-diplomat-visits-zimbabwe/
Nedbank donates incubators to UBH,"Thandeka Moyo-Ndlovu, Senior Health Reporter Nedbank has donated two incubators to the United Bulawayo Hospitals (UBH) ...",Local News,https://www.chronicle.co.zw/wp-content/uploads/sites/3/2023/02/sasdcfhjn-200x200.jpg,https://www.chronicle.co.zw/nedbank-donates-incubators-to-ubh/
Someone is always watching,"“The eyes of the LORD are everywhere, keeping watch on the wicked and the good.” Proverbs 15 : 3 I attended an exclusive ...",Opinion & Analysis,https://www.chronicle.co.zw/wp-content/uploads/sites/3/2022/05/Walking-In-Spirit-200x200.jpg,https://www.chronicle.co.zw/someone-is-always-watching-2/
Innscor VFEX listing boost for agric sector,Leonard Ncube in Victoria Falls GOVERNMENT has said the listing of Innscor Africa Limited on the Victoria Falls Stock ...,Business,https://www.chronicle.co.zw/wp-content/uploads/sites/3/2022/05/Untitled-82-200x200.jpg,https://www.chronicle.co.zw/innscor-vfex-listing-boost-for-agric-sector/
Rush breaks losing streak,"Ricky Zililo, Senior Sports Reporter ZIMBABWEAN striker Cleopas Dube rose from the bench to score a late equaliser that ...",Sport,https://www.chronicle.co.zw/wp-content/uploads/sites/3/2022/01/Untitled-26-5-200x200.jpg,https://www.chronicle.co.zw/rush-breaks-losing-streak/
Drug dealer arrested with $2m worth of merchandise,"Thandeka Moyo-Ndlovu, Senior Reporter A BULAWAYO man from Magwegwe North suburb has been arrested for allegedly ...",Local News,https://www.chronicle.co.zw/wp-content/uploads/sites/3/2023/02/1-19-200x200.jpg,https://www.chronicle.co.zw/drug-dealer-arrested-with-2m-worth-of-merchandise/
"November, Mubaiwa triumph in Munhumutapa Strokeplay","Brandon Moyo, Sports Reporter AMATEUR golfers, Tariro November as well as Yolanda Mubaiwa were crowned the men’s and ...",Sport,https://www.chronicle.co.zw/wp-content/uploads/sites/3/2023/02/adsfhfrh-200x200.jpg,https://www.chronicle.co.zw/november-mubaiwa-triumph-in-munhumutapa-strokeplay/
Binga investor targets first quarter coal sales,"Nqobile Bhebhe, Senior Business Reporter LONDON Alternative Investment (AIM)-listed miner — Contango Holdings is upbeat ...",Business,https://www.chronicle.co.zw/wp-content/uploads/sites/3/2023/01/hgbgfff-200x200.jpg,https://www.chronicle.co.zw/binga-investor-targets-first-quarter-coal-sales/
Bulawayo tourism champion bags top accolade,"Canditar Chapanduka, Chronicle Reporter Bulawayo-based tourism champion Mr Kudakwashe Garaipasi (33) was among the 16 ...",Local News,https://www.chronicle.co.zw/wp-content/uploads/sites/3/2023/02/dfsegs-200x200.jpg,https://www.chronicle.co.zw/bulawayo-tourism-champion-bags-top-accolade/
Civil servants’ salary talks resume,"STALLED salary negotiations between the Government and civil servants, which the latter had called off over lack of ...",Local News,https://www.chronicle.co.zw/wp-content/uploads/sites/3/2022/02/Minister-Professor-Paul-Mavima-200x200.jpg,https://www.chronicle.co.zw/civil-servants-salary-talks-resume/
Networking platforms bolden women entrepreneurs,"Sikhulekelani Moyo, Business Reporter WOMEN Affairs, Community, Small and Medium Enterprises Development Minister, Dr ...",Business,https://www.chronicle.co.zw/wp-content/uploads/sites/3/2022/03/Sithembiso-Nyoni-1-200x200.jpg,https://www.chronicle.co.zw/networking-platforms-bolden-women-entrepreneurs/
Health ambassadors 4ED treat residents free of charge,"Flora Fadzai Sibanda, Online Reporter MORE than 150 residents received free medical services offered by Health ...",Local News,https://www.chronicle.co.zw/wp-content/uploads/sites/3/2023/01/download-4-1-200x200.jpg,https://www.chronicle.co.zw/health-ambassadors-4ed-treat-residents-free-of-charge-2/
Rullzynation IntwanakaGogo drops EP,"Mthabisi Tshuma, Showbiz Reporter RISING musician Rullzynation IntwanakaGogo (born Brian Mthetho) has released an EP ...",Entertainment,https://www.chronicle.co.zw/wp-content/uploads/sites/3/2023/02/Untitled-14-8-200x200.jpg,https://www.chronicle.co.zw/rullzynation-intwanakagogo-drops-ep/
Founders High School pupil killer remanded in custody again,"  Tafadzwa Chibukwa, Online Reporter A 17-YEAR-OLD pupil from Hamilton High School who allegedly fatally stabbed a ...",Local News,https://www.chronicle.co.zw/wp-content/uploads/sites/3/2023/02/Untitled-1-4-200x200.jpg,https://www.chronicle.co.zw/founders-high-school-pupil-killer-remanded-in-custody-again/
Byo dancer Cocoa relishes Nama @21 performance,"  Mthabisi Tshuma, Showbiz Reporter FOR Bulawayo-born beauty and dancer Ellain Ncube aka Cocoa, this past weekend ...",Entertainment,https://www.chronicle.co.zw/wp-content/uploads/sites/3/2023/02/Untitled-15-8-200x200.jpg,https://www.chronicle.co.zw/byo-dancer-cocoa-relishes-nama-21-performance/
Bonaqua Troutbeck Africa Triathlon Cup launched Inbox,"Ricky Zililo, Senior Sports Reporter MORE than 15 countries have confirmed their participation status at the 2023 ...",Sport,https://www.chronicle.co.zw/wp-content/uploads/sites/3/2023/02/Untitled-13-10-200x200.jpg,https://www.chronicle.co.zw/bonaqua-troutbeck-africa-triathlon-cup-launched-inbox/
Health ambassadors 4ED treat residents free of charge,"  Flora Fadzai Sibanda, Online Reporter MORE than 150 residents received free medical services offered by Health ...",Local News,,https://www.chronicle.co.zw/health-ambassadors-4ed-treat-residents-free-of-charge/
Intombi Yabelungu tackles lobola indifferences on latest EP,"   Mthabisi Tshuma, Showbiz Reporter SOUTH Africa-based maskandi musician Intombi Yabelungu has released an EP ...",Entertainment,https://www.chronicle.co.zw/wp-content/uploads/sites/3/2023/02/Untitled-12-8-200x200.jpg,https://www.chronicle.co.zw/intombi-yabelungu-tackles-lobola-indifferences-on-latest-ep/
Nust students plan celebratory bash after university reduces fees,"  Flora Fadzai Sibanda, Online Reporter STUDENTS at the National University of Science and Technology (Nust) are ...",Local News,https://www.chronicle.co.zw/wp-content/uploads/sites/3/2023/02/Untitled-9-13-200x200.jpg,https://www.chronicle.co.zw/nust-students-plan-celebratory-bash-after-university-reduces-fees/
"Local short film, “Izitha” to premiere soon","Angela Sibanda, Showbiz Correspondent TWO young film producers from Pumula suburb have collaborated on a short film that ...",Entertainment,https://www.chronicle.co.zw/wp-content/uploads/sites/3/2023/02/Untitled-11-14-200x200.jpg,https://www.chronicle.co.zw/local-short-film-izitha-to-premiere-soon/
Companies line-up to list on the Victoria Fall Stock Exchange (VFEX),"Leonard Ncube, Online Reporter THE Zimbabwe Stock Exchange (ZSE) chief executive Mr Justin Bgoni has said there is a ...",Business,https://www.chronicle.co.zw/wp-content/uploads/sites/3/2023/01/xcvnbnmn-200x200.jpg,https://www.chronicle.co.zw/companies-line-up-to-list-on-the-victoria-fall-stock-exchange-vfex/
Schools resume lessons as Tropical Storm Freddy weakens,"Nqobile Tshili, Chronicle Reporter  SCHOOLS in six provinces that were last Friday directed not to attend classes ...",Local News,https://www.chronicle.co.zw/wp-content/uploads/sites/3/2020/12/Taungana-Ndoro-200x200.jpg,https://www.chronicle.co.zw/schools-resume-lessons-as-tropical-storm-freddy-weakens/
NGO works to restore the dignity of disadvantaged youths,"Canditar Chapanduka, Features Reporter PRESIDENT Mnangagwa recently implored churches to complement Government efforts ...",Opinion & Analysis,https://www.chronicle.co.zw/wp-content/uploads/sites/3/2023/03/sadsfdef-200x200.jpg,https://www.chronicle.co.zw/ngo-works-to-restore-the-dignity-of-disadvantaged-youths/
Msendami back from suspension,"Ricky Zililo, Senior Sports Reporter FORMER Highlanders juniors striker Daniel Msendami, absent from Jwaneng Galaxy’s ...",Sport,https://www.chronicle.co.zw/wp-content/uploads/sites/3/2022/07/Untitled-8-11-200x200.jpg,https://www.chronicle.co.zw/msendami-back-from-suspension/
New SI on cash limits for travellers gazetted,Business Reporter GOVERNMENT has gazetted a new statutory instrument that gives legal effect to amounts of local and ...,Business,https://www.chronicle.co.zw/wp-content/uploads/sites/3/2020/02/RBZ-Governor-Dr-John-Mangudya-presents-the-2020-Monetary-Policy-Statement-in-Harare-yesterday.-—-Picture-by-Tawanda-Mudimu-200x200.jpg,https://www.chronicle.co.zw/new-si-on-cash-limits-for-travellers-gazetted/
Farmers urged to adopt organic methods for crops and livestock,"Sukulwenkosi Dube-Matutu, Matabeleland South Bureau Chief AGRICULTURAL experts have urged farmers to embrace organic ...",Local News,https://www.chronicle.co.zw/wp-content/uploads/sites/3/2022/09/Mr-Mkhunjulelwa-Ndlovu-inspects-an-area-where-wheat-was-destroyed-by-fire-at-Arda-Antelope-Estate-1-200x200.jpg,https://www.chronicle.co.zw/farmers-urged-to-adopt-organic-methods-for-crops-and-livestock/
Girls dominate Gloag & David Livingstone charts,"Supplement compiled by Canditar Chapanduka Gloag High School and David Livingstone Memorial Secondary School, which are ...",Opinion & Analysis,https://www.chronicle.co.zw/wp-content/uploads/sites/3/2023/03/dfafsd-200x200.jpg,https://www.chronicle.co.zw/girls-dominate-gloag-david-livingstone-charts/
Fundraiser for Plumtree District Hospital,"Mkhululi Ncube, Chronicle Reporter A MEGA fundraising campaign to mobilise resources for Plumtree District Hospital has ...",Local News,https://www.chronicle.co.zw/wp-content/uploads/sites/3/2023/02/rrtyhjujui-200x200.jpg,https://www.chronicle.co.zw/fundraiser-for-plumtree-district-hospital/
English country cricket teams jet in for a format tour,"Brandon Moyo, Sports Reporter ZIMBABWE Cricket have confirmed the coming in of two English County cricket teams, Durham ...",Sport,https://www.chronicle.co.zw/wp-content/uploads/sites/3/2023/01/jkghgnvb-200x200.jpg,https://www.chronicle.co.zw/english-country-cricket-teams-jet-in-for-a-format-tour/
BCC municipal police granted bail,"Mashudu Mambo, Court Reporter NINE Bulawayo City Council (BCC) municipal police officers who allegedly fired at vendors ...",Local News,https://www.chronicle.co.zw/wp-content/uploads/sites/3/2023/03/hhhggyh-200x200.jpg,https://www.chronicle.co.zw/bcc-municipal-police-granted-bail/
Thee sports queen celebrates her daughter’s birthday in style,"Lizzy Nekhoma,Chronicle Online Reporter IN an African setup, it is usually seen as a waste of money to spend a fortune ...",Local News,https://www.chronicle.co.zw/wp-content/uploads/sites/3/2023/03/Untitled-10-200x200.jpg,https://www.chronicle.co.zw/thee-sports-queen-celebrates-her-daughters-birthday-in-style/
Kiros zw keeping spirit of love alive,"  Millicent Dube, Showbiz Reporter The day to celebrate love, Valentine’s Day may have come and gone but musicians ...",Entertainment,https://www.chronicle.co.zw/wp-content/uploads/sites/3/2023/03/Untitled-8-200x200.jpg,https://www.chronicle.co.zw/kiros-zw-keeping-spirit-of-love-alive/
Bring forward evidence of election fraud: Buhari,"  Sikhumbuzo Moyo, Online Reporter OUT-GOING Nigerian president Mr Muhammadu Buhari has challenged disgruntled ...",International News,https://www.chronicle.co.zw/wp-content/uploads/sites/3/2023/03/Untitled-7-200x200.jpg,https://www.chronicle.co.zw/bring-forward-evidence-of-election-fraud-buhari/
National Athletics Association of Zimbabwe to select team for African Junior Champions,"  Innocent Kurira, Sports Reporter THE National Athletics Association of Zimbabwe (Naaz) Inter-club Track and Field ...",Sport,https://www.chronicle.co.zw/wp-content/uploads/sites/3/2021/03/watson-200x200.jpg,https://www.chronicle.co.zw/national-athletics-association-of-zimbabwe-to-select-team-for-african-junior-champions/
Paddonhurst residents march against drug abuse,"  Tafadzwa Chibukwa, Online Reporter DISAPPOINTED by the poor turnout and attendance at their drugs and substance ...",Local News,https://www.chronicle.co.zw/wp-content/uploads/sites/3/2023/03/Untitled-6-200x200.jpg,https://www.chronicle.co.zw/paddonhurst-residents-march-against-drug-abuse/
Michael Mahendere to celebrate 40th birthday in style,"  Showbiz Reporter In honour of budding local, regional and international artistes, Minister Michael Mahendere has ...",Entertainment,https://www.chronicle.co.zw/wp-content/uploads/sites/3/2023/03/Untitled-4-1-200x200.jpg,https://www.chronicle.co.zw/michael-mahendere-to-celebrate-40th-birthday-in-style/
Herdboy rapes  employers daughter,"Leonard Ncube, Online Reporter A MAN employed as a herdboy in Lupane has appeared in court charged with rape after ...",Local News,https://www.chronicle.co.zw/wp-content/uploads/sites/3/2021/05/rape-child-200x200.jpg,https://www.chronicle.co.zw/herdboy-rapes-employers-daughter/
Russian business delegation expected in Zimbabwe,A HIGH-powered delegation from the Sverdlovsk region of the Russian Federation led by the Minister of Foreign Economic ...,Local News,https://www.chronicle.co.zw/wp-content/uploads/sites/3/2022/07/Untitled-34-7-200x200.jpg,https://www.chronicle.co.zw/russian-business-delegation-expected-in-zimbabwe/
30 more Covid -19 cases recorded,"Thandeka Moyo-Ndlovu, Online Reporter Zimbabwe has recorded 30 new Covid-19 cases during the past hours with reports ...",Local News,https://www.chronicle.co.zw/wp-content/uploads/sites/3/2022/05/Untitled-45-13-200x200.jpg,https://www.chronicle.co.zw/30-more-covid-19-cases-recorded/
Taking mental health awareness to the pub,"Angela Sibanda, Showbiz Correspondent UMAHLEKISA Comedy club in partnership with the House of Arts Association, Yellow ...",Entertainment,https://www.chronicle.co.zw/wp-content/uploads/sites/3/2023/03/a491c379-f395-4f7f-bb3c-0d8ad75ff618-200x200.jpg,https://www.chronicle.co.zw/taking-mental-health-awareness-to-the-pub/
Badminton umpiring course set for Bulawayo,"  Brandon Moyo, Sports Reporter BULAWAYO Badminton Association (BDA) are set to host a badminton regional umpiring ...",Sport,https://www.chronicle.co.zw/wp-content/uploads/sites/3/2023/03/Untitled-4-200x200.jpg,https://www.chronicle.co.zw/badminton-umpiring-course-set-for-bulawayo/
Bulawayo woman in distress over trafficked child,"Flora Fadzai Sibanda, Chronicle Reporter TWENTY-four-year-old Charlene Moyo from Mahatshula suburb, Bulawayo is in ...",Local News,https://www.chronicle.co.zw/wp-content/uploads/sites/3/2023/02/sddcvgbhnhn-200x200.jpg,https://www.chronicle.co.zw/bulawayo-woman-in-distress-over-trafficked-child/
9 000 more stands for Bulawayo,Senior Business Reporter THE National Building Society Limited (NBS) and Radar Holdings Limited officials this morning ...,Business,https://www.chronicle.co.zw/wp-content/uploads/sites/3/2023/03/Untitled-1-200x200.jpg,https://www.chronicle.co.zw/9-000-more-stands-for-bulawayo/
Two juveniles drown in pool,"Michael Magoronga, Midlands Correspondent TWO juveniles aged six and four drowned in a pool near their homestead in ...",Local News,https://www.chronicle.co.zw/wp-content/uploads/sites/3/2019/11/drowned-200x200.jpg,https://www.chronicle.co.zw/two-juveniles-drown-in-pool/
Senior Russian and US officials in Zimbabwe as ties with the west deepen,"Leonard Ncube, Online Reporter TWO senior official from the US and Russia are expected in the country today as Zimbabwe ...",Uncategorized,https://www.chronicle.co.zw/wp-content/uploads/sites/3/2021/09/Dr-Fredrick-Shava-200x200.jpg,https://www.chronicle.co.zw/senior-russian-and-us-officials-in-zimbabwe-as-ties-with-the-west-deepen/
5 000 congregants expected for AFM conference,"Michael Magoronga, Midlands Correspondent ABOUT 5 000 congregants are expected to converge at Baghdad Stadium in Kwekwe ...",Local News,https://www.chronicle.co.zw/wp-content/uploads/sites/3/2012/01/afm%20pastors.jpg,https://www.chronicle.co.zw/5-000-congregants-expected-for-afm-conference/
"Businesses get US$17,5 million from forex auction, as Zimbabwe-dollar loses ground against the greenback","Michael Makuza, Business Reporter THE Reserve Bank of Zimbabwe (RBZ) has allotted US$17,5 million to businesses at the ...",Business,https://www.chronicle.co.zw/wp-content/uploads/sites/3/2022/02/Reserve-Bank-of-Zimbabwe-RBZ-200x200.jpg,https://www.chronicle.co.zw/businesses-get-us175-million-from-forex-auction-as-zimbabwe-dollar-loses-ground-against-the-greenback/
National Building Society tours housing projects,"Nqobile Bhebhe, Senior Business Reporter THE National Building Society Limited (NBS) top leadership is embarking on a ...",Local News,https://www.chronicle.co.zw/wp-content/uploads/sites/3/2022/07/Untitled-9-3-200x200.jpg,https://www.chronicle.co.zw/national-building-society-tours-housing-projects/
"Kwekwe Deputy Mayor, two councillors recalled","Michael Magoronga, Midlands Correspondent THE Douglas Mwonzora-led MDC has recalled three Kwekwe City councilors for ...",Local News,https://www.chronicle.co.zw/wp-content/uploads/sites/3/2023/02/Untitled-1-18-200x200.jpg,https://www.chronicle.co.zw/kwekwe-deputy-mayor-two-councillors-recalled/
WATCH: Downright recklessness that leads to drowning in Zimbabwe,Lizzy Nekhoma and Maita Zizhou online reporters DESPITE numerous warnings and educational campaigns over the years ...,Local News,https://www.chronicle.co.zw/wp-content/uploads/sites/3/2018/12/drowning_647_091816122313-647x363-200x200.jpeg,https://www.chronicle.co.zw/watch-downright-recklessness-that-leads-to-drowning-in-zimbabwe/
Investor gets High Court boost,"Online Reporter The High Court of Zimbabwe in Harhas stopped a possible takeover of earth moving equipment business, ...",Crime & Courts,https://www.chronicle.co.zw/wp-content/uploads/sites/3/2023/01/Bulawayo-High-Court-of-Zimbabwe-200x200.jpg,https://www.chronicle.co.zw/investor-gets-high-court-boost/
Activists call for tougher against drug peddlers,"Tafadzwa Chibukwa, Online Reporter INORDER to triumph in the war against drugs and substance abuse, there is a need for ...",Local News,https://www.chronicle.co.zw/wp-content/uploads/sites/3/2023/02/WhatsApp-Image-2023-02-28-at-12.04.31-PM-200x200.jpg,https://www.chronicle.co.zw/activists-call-for-tougher-against-drug-peddlers/
"Premier Soccer release fixtures, season kickoff date set","  Ricky Zililo, Senior Sports Reporter THE 2023 edition of the Castle Lager Premier Soccer League will kick off on ...",Sport,https://www.chronicle.co.zw/wp-content/uploads/sites/3/2022/08/Untitled-28-8-200x200.jpg,https://www.chronicle.co.zw/premier-soccer-release-fixtures-season-kickoff-date-set/
Open verse challenge: Sing along to Vuyo Brown’s No Way song on TikTok,"  Millicent Dube, Showbiz Reporter There is a challenge that’s been trending in the music sector, the open verse ...",Entertainment,https://www.chronicle.co.zw/wp-content/uploads/sites/3/2022/11/Untitled-21-2-200x200.jpg,https://www.chronicle.co.zw/open-verse-challenge-sing-along-to-vuyo-browns-no-way-song-on-tiktok/
"One dead, four injured after driver fails to give way","  Rejoyce Sibanda, Chronicle Reporter A 60-YEAR-OLD man from Nkulumane suburb died on the spot while four others ...",Local News,https://www.chronicle.co.zw/wp-content/uploads/sites/3/2021/09/Inspector-Abednico-Ncube--200x200.jpeg,https://www.chronicle.co.zw/one-dead-four-injured-after-driver-fails-to-give-way/
Zanu PF gears for 2023 polls,"  Sikhumbuzo Moyo, Online Reporter ZANU PF politburo member Cde Elifasi Mashava has warned party cadres who have ...",Local News,https://www.chronicle.co.zw/wp-content/uploads/sites/3/2023/02/Untitled-1-17-200x200.jpg,https://www.chronicle.co.zw/zanu-pf-gears-for-2023-polls/
2 800 nabbed in national anti-drugs crackdown,"Rejoyce Sibanda, Chronicle Reporter A TOTAL of  2 807 people have been arrested during the ongoing national operation ...",Local News,https://www.chronicle.co.zw/wp-content/uploads/sites/3/2023/02/1-19-200x200.jpg,https://www.chronicle.co.zw/2-800-nabbed-in-national-anti-drugs-crackdown/
Educationists meet on deadly gang wars,  Nqobile Tshili STAKEHOLDERS in the education sector have converged at Townsend High School in Bulawayo to address ...,Local News,https://www.chronicle.co.zw/wp-content/uploads/sites/3/2023/02/Untitled-3-17-200x200.jpg,https://www.chronicle.co.zw/educationists-meet-on-deadly-gang-wars/
WATCH: Fees reversed amid campus skirmishes,"Flora Fadzai Sibanda, Chronicle Reporter STUDENTS at the National University of Science and Technology (Nust) yesterday ...",Local News,https://www.chronicle.co.zw/wp-content/uploads/sites/3/2023/02/zxzxdcfggg-200x200.jpg,https://www.chronicle.co.zw/watch-fees-reversed-amid-campus-skirmishes/
WATCH: Tax-compliant backyard fence maker employs 14,"Nqobile Tshili, Chronicle Reporter WHAT started as a part time and experiential job for a Bulawayo welder has blossomed ...",Local News,https://www.chronicle.co.zw/wp-content/uploads/sites/3/2023/02/dferrrr-200x200.jpg,https://www.chronicle.co.zw/watch-tax-compliant-backyard-fence-maker-employs-14/
Chief Dakamela to honour hardworkers,"Angela Sibanda, Chronicle Correspondent CHIEF Dakamela of Nkayi is set to present awards to people living under his ...",Local News,https://www.chronicle.co.zw/wp-content/uploads/sites/3/2023/02/szxxcvvbbb-200x200.jpg,https://www.chronicle.co.zw/chief-dakamela-to-honour-hardworkers/
Raza’s Lahore Qalandars register third win in Pakistan Super League,"  Brandon Moyo, Sports Reporter ZIMBABWE international, Sikandar Raza’s Pakistan Super League (PSL) team Lahore ...",Sport,,https://www.chronicle.co.zw/razas-lahore-qalandars-register-third-win-in-pakistan-super-league/
Naaz invites participants for World Athletics online coaching course,"  Innocent Kurira, Sports Reporter THE National Athletics Association of Zimbabwe (Naaz) is inviting participants ...",Sport,https://www.chronicle.co.zw/wp-content/uploads/sites/3/2021/05/Naaz-200x200.jpg,https://www.chronicle.co.zw/naaz-invites-participants-for-world-athletics-online-coaching-course/
Nust reverts to 2022 fee structure following students protest,"Flora Fadzai Sibanda, Online Reporter THE National University of Science and Technology Nust has reverted to fees that ...",Local News,https://www.chronicle.co.zw/wp-content/uploads/sites/3/2023/02/Untitled-7-13-200x200.jpg,https://www.chronicle.co.zw/nust-reverts-to-2022-fee-structure-following-students-protest/
Bulawayo drug-peddler arrested with $2 million Crystal meth,"Thandeka Moyo-Ndlovu, Online Reporter A Bulawayo man from Magwegwe North suburb has been arrested for possessing crystal ...",Local News,https://www.chronicle.co.zw/wp-content/uploads/sites/3/2023/02/1-19-200x200.jpg,https://www.chronicle.co.zw/bulawayo-drug-peddler-arrested-with-2-million-crystal-meth/
Econet appoints new finance director,"Michael Makuza, Business Reporter LISTED telecoms giant, Econet Wireless Zimbabwe, has appointed Mr Chengeto Moyo as its ...",Local News,https://www.chronicle.co.zw/wp-content/uploads/sites/3/2019/07/econet-11-200x200.jpg,https://www.chronicle.co.zw/econet-appoints-new-finance-director/
Nust students demand answers on fees decrease,Flora Fadzai Sibanda THE excitement that followed an announcement by the National University of Science and Technology ...,Local News,https://www.chronicle.co.zw/wp-content/uploads/sites/3/2023/02/Untitled-1-15-200x200.jpg,https://www.chronicle.co.zw/nust-students-demand-answers-on-fees-decrease/
WATCH: Nust student protest forces fees decrease,"  Flora Fadzai Sibanda, Online Reporter FOLLOWING a more than 100 percent increase in fees at the National ...",Local News,,https://www.chronicle.co.zw/watch-nust-student-protest-forces-fees-decrease/
WATCH: More encouraging results at Insiza lithium project," Senior Business Reporter MULTI-COMMODITY mining and natural resource development company, Premier African Minerals, has ...",Local News,https://www.chronicle.co.zw/wp-content/uploads/sites/3/2023/02/ddccvgvbhhj-200x200.jpg,https://www.chronicle.co.zw/watch-more-encouraging-results-at-insiza-lithium-project/
African Development Bank shifts lending from fossil fuels,"THE African Development Bank (AfDB) is moving away from financing fossil fuels, with renewables already making up 87 ...",Business,https://www.chronicle.co.zw/wp-content/uploads/sites/3/2023/02/unnamed-13-200x200.png,https://www.chronicle.co.zw/african-development-bank-shifts-lending-from-fossil-fuels/
Lukhanyiso bus saga- company demands written apology from school to release bus,"Sikhumbuzo Moyo, Senior Reporter A Harare headquartered vehicle body engineering company has vowed not to release a ...",Local News,https://www.chronicle.co.zw/wp-content/uploads/sites/3/2023/02/Lukhanyiso-Primary-School-In-Mpopoma-Suburb-200x200.jpg,https://www.chronicle.co.zw/lukhanyiso-bus-saga-company-demands-written-apology-from-school-to-release-bus/
Hwange Local Board gives squat toilets users one month ultimatum,"  Sikhumbuzo Moyo, Online Reporter HWANGE Local Board has given Empumalanga residents who are still using squat ...",Local News,https://www.chronicle.co.zw/wp-content/uploads/sites/3/2022/04/Mr-Dumisani-Nsingo-200x200.jpg,https://www.chronicle.co.zw/hwange-local-board-gives-squat-toilets-users-one-month-ultimatum/
100MW giant rising… 9 000 solar panels installed to generate first 5MW,"Leonard Ncube, Victoria Falls Reporter CONSTRUCTION of the giant Victoria Falls-Chidobe Solar Plant outside the resort ...",Local News,https://www.chronicle.co.zw/wp-content/uploads/sites/3/2023/02/Solar-panels-mounted-for-the-fhe-5MW-first-phase-of-the-100MW-Chidobe-solar-plant-outside-Victoria-Falls-1-200x200.jpg,https://www.chronicle.co.zw/100mw-giant-rising-9-000-solar-panels-installed-to-generate-first-5mw/
WATCH: 138-year-old bullet-shaped jewel beetle still in shape,"Mashudu Netsianda, Deputy News Editor AISLES of mismatched wooden shelves and cabinets fill the fluorescent-lit room ...",Local News,https://www.chronicle.co.zw/wp-content/uploads/sites/3/2023/02/Bulawayo-Natural-History’s-head-of-the-entomology-department-and-curator-Ms-Dorothy-Chipo-Madamba-at-the-specimen-collection-room.-200x200.jpg,https://www.chronicle.co.zw/watch-138-year-old-bullet-shaped-jewel-beetle-still-in-shape/
"UK-based dentist transforms Somabula land, eyes export market","Patrick Chitumba, Midlands Bureau Chief A UNITED Kingdom-based dentist, Dr Shamiso Ketani (54) has transformed his ...",Local News,https://www.chronicle.co.zw/wp-content/uploads/sites/3/2023/02/Dr-Shamiso-Ketani-200x200.jpg,https://www.chronicle.co.zw/uk-based-dentist-transforms-somabula-land-eyes-export-market/
"COMMENT: Zimbabwe takes engagement, re-engagement to another level",ZIMBABWE last week took its engagement and re-engagement efforts to another level when it held the Second Structured ...,Opinion & Analysis,https://www.chronicle.co.zw/wp-content/uploads/sites/3/2021/12/AFDB-1-200x200.jpg,https://www.chronicle.co.zw/comment-zimbabwe-takes-engagement-re-engagement-to-another-level/
$50m industrial loans up for grabs,"Business Reporter THE Industrial Development Corporation of Zimbabwe (IDCZ), a wholly owned Government financial ...",Business,https://www.chronicle.co.zw/wp-content/uploads/sites/3/2019/05/IMG_6144-200x200.jpg,https://www.chronicle.co.zw/50m-industrial-loans-up-for-grabs/
"Surprises, frustration and disappointments at Nama","Tina Musonza, Harare Bureau The Government has embraced the just-ended National Arts Merit Awards (Nama) for setting a ...",Entertainment,https://www.chronicle.co.zw/wp-content/uploads/sites/3/2023/02/Obert-Dube-nama2023-200x200.jpg,https://www.chronicle.co.zw/surprises-frustration-and-disappointments-at-nama/
WATCH: Bosso chairman applauds supporters,"Ricky Zililo, Senior Sports Reporter HIGHLANDERS Football Club chairman Johnfat Sibanda has applauded the gesture by the ...",Sport,https://www.chronicle.co.zw/wp-content/uploads/sites/3/2021/01/johnfat1-200x200.jpg,https://www.chronicle.co.zw/watch-bosso-chairman-applauds-supporters/
He who has love,"THE book of 1 Corinthians 13 speaks about abiding in love, love being the greatest of all. Our God does not merely love ...",Opinion & Analysis,https://www.chronicle.co.zw/wp-content/uploads/sites/3/2022/04/Reading-Bible-200x200.jpg,https://www.chronicle.co.zw/he-who-has-love/
Zimbabwe women complete double over Zambia,"Innocent Kurira, Sports Reporter ZIMBABWE’S national women basketball team wrapped their Afro-basket qualifying pool ...",Sport,https://www.chronicle.co.zw/wp-content/uploads/sites/3/2023/02/ffgn-200x200.jpg,https://www.chronicle.co.zw/zimbabwe-women-complete-double-over-zambia/
EMA finalises LEAPs consultations,"Tafadzwa Chibukwa, Chronicle Reporter IN an effort to promote the inclusion of all groups and equal participation of ...",Local News,https://www.chronicle.co.zw/wp-content/uploads/sites/3/2021/10/Steady-Katanga-200x200.jpg,https://www.chronicle.co.zw/ema-finalises-leaps-consultations/
Waster pickers urge authorities to create safe environment,"Thandeka Moyo-Ndlovu, Senior Health Reporter WOMEN who pick waste for recycling at Bulawayo’s Richmond dumpsite ...",Local News,https://www.chronicle.co.zw/wp-content/uploads/sites/3/2023/02/Untitled-6-copy-4-200x200.jpg,https://www.chronicle.co.zw/waster-pickers-urge-authorities-to-create-safe-environment/
Bulawayo woman cheers up orphans,"Canditar Chapanduka and Mthulisi Tjibale Ncube, Chronicle Reporters A BULAWAYO social entrepreneur and influencer Ms ...",Local News,https://www.chronicle.co.zw/wp-content/uploads/sites/3/2023/02/Queen-Elizabeth-Donationation7-200x200.jpg,https://www.chronicle.co.zw/bulawayo-woman-cheers-up-orphans/
"Summer cropping season preparations begins 3,7m tonnes cereals target set","Elita Chikwati, Harare Bureau PREPARATIONS for the next summer cropping season, starting in the final months of this ...",Local News,https://www.chronicle.co.zw/wp-content/uploads/sites/3/2023/02/AS-200x200.jpg,https://www.chronicle.co.zw/summer-cropping-season-preparations-begins-37m-tonnes-cereals-target-set/
From kombi driver to trucking business owner,"  Patrick Chitumba, Midlands Bureau Chief POPULARLY known as Amora, Mr Amos Chikutira was 18 years old when he ...",Local News,https://www.chronicle.co.zw/wp-content/uploads/sites/3/2023/02/Untitled-2-copy-5-200x200.jpg,https://www.chronicle.co.zw/from-kombi-driver-to-trucking-business-owner/
Africa needs sustained annual growth to meet SDGs,Business Reporter AFRICA needs a sustained annual economic growth rate of between 7-10 percent of its Gross Domestic ...,Business,https://www.chronicle.co.zw/wp-content/uploads/sites/3/2022/07/African-Development-Bank-president-Dr-Akinwumi-Adesina-200x200.jpg,https://www.chronicle.co.zw/africa-needs-sustained-annual-growth-to-meet-sdgs/
Thermal power generation drops lowest,Senior Business Reporter THE country’s thermal power generation has dropped lowest today with the giant Hwange Thermal ...,Business,https://www.chronicle.co.zw/wp-content/uploads/sites/3/2023/02/ZPC-graphic-200x200.png,https://www.chronicle.co.zw/thermal-power-generation-drops-lowest/
Raza’s Lahore Qalandars shoot to the top in Pakistan Super League,"  Brandon Moyo, Sports Reporter SIKANDAR Raza’s Pakistan Super League (PSL) side and defending champions Lahore ...",Sport,https://www.chronicle.co.zw/wp-content/uploads/sites/3/2023/02/Untitled-8-14-200x200.jpg,https://www.chronicle.co.zw/razas-lahore-qalandars-shoot-to-the-top-in-pakistan-super-league/
Munetsi rubs shoulders with global superstars,"  Innocent Kurira, Sports Reporter ZIMBABWEAN international Marshall Munetsi was on Monday night amongst some of ...",Sport,https://www.chronicle.co.zw/wp-content/uploads/sites/3/2023/02/Untitled-7-14-200x200.jpg,https://www.chronicle.co.zw/munetsi-rubs-shoulders-with-global-superstars/
Kokota Festival third edition set for April,"Mthabisi Tshuma, Showbiz Reporter The third edition of the Kokota Festival is set to be held on April 29 at its ...",Entertainment,https://www.chronicle.co.zw/wp-content/uploads/sites/3/2023/02/Untitled-5-19-200x200.jpg,https://www.chronicle.co.zw/rapper-lamas-ellz-collaborates-sandra-ndebele-mzoe-7/
BAC remain top of the log in BMCA First League,"   Brandon Moyo, Sports Reporter BULAWAYO Athletic Club (BAC) remained on top of the standings in the Bulawayo ...",Sport,https://www.chronicle.co.zw/wp-content/uploads/sites/3/2023/02/Untitled-4-21-200x200.jpg,https://www.chronicle.co.zw/bac-remain-top-of-the-log-in-bmca-first-league/
"Afro-pop songster, Khwezi’s Seasons come full circle","Mbulelo Mpofu, Showbiz Reporter AVID Bible scholars know that everything happens in its due time, with seasons falling ...",Entertainment,https://www.chronicle.co.zw/wp-content/uploads/sites/3/2023/02/Untitled-2-14-200x200.jpg,https://www.chronicle.co.zw/afro-pop-songster-khwezis-seasons-come-full-circle/
"Kwekwe Deputy Mayor, two councillors recalled","Michael Magoronga, Midlands Correspondent THE Douglas Mwonzora-led MDC has recalled three Kwekwe City councilors for ...",Local News,https://www.chronicle.co.zw/wp-content/uploads/sites/3/2023/02/Untitled-1-18-200x200.jpg,https://www.chronicle.co.zw/kwekwe-deputy-mayor-two-councillors-recalled/
WATCH: Downright recklessness that leads to drowning in Zimbabwe,Lizzy Nekhoma and Maita Zizhou online reporters DESPITE numerous warnings and educational campaigns over the years ...,Local News,https://www.chronicle.co.zw/wp-content/uploads/sites/3/2018/12/drowning_647_091816122313-647x363-200x200.jpeg,https://www.chronicle.co.zw/watch-downright-recklessness-that-leads-to-drowning-in-zimbabwe/
Investor gets High Court boost,"Online Reporter The High Court of Zimbabwe in Harhas stopped a possible takeover of earth moving equipment business, ...",Crime & Courts,https://www.chronicle.co.zw/wp-content/uploads/sites/3/2023/01/Bulawayo-High-Court-of-Zimbabwe-200x200.jpg,https://www.chronicle.co.zw/investor-gets-high-court-boost/
Activists call for tougher against drug peddlers,"Tafadzwa Chibukwa, Online Reporter INORDER to triumph in the war against drugs and substance abuse, there is a need for ...",Local News,https://www.chronicle.co.zw/wp-content/uploads/sites/3/2023/02/WhatsApp-Image-2023-02-28-at-12.04.31-PM-200x200.jpg,https://www.chronicle.co.zw/activists-call-for-tougher-against-drug-peddlers/
"Premier Soccer release fixtures, season kickoff date set","  Ricky Zililo, Senior Sports Reporter THE 2023 edition of the Castle Lager Premier Soccer League will kick off on ...",Sport,https://www.chronicle.co.zw/wp-content/uploads/sites/3/2022/08/Untitled-28-8-200x200.jpg,https://www.chronicle.co.zw/premier-soccer-release-fixtures-season-kickoff-date-set/
Open verse challenge: Sing along to Vuyo Brown’s No Way song on TikTok,"  Millicent Dube, Showbiz Reporter There is a challenge that’s been trending in the music sector, the open verse ...",Entertainment,https://www.chronicle.co.zw/wp-content/uploads/sites/3/2022/11/Untitled-21-2-200x200.jpg,https://www.chronicle.co.zw/open-verse-challenge-sing-along-to-vuyo-browns-no-way-song-on-tiktok/
"One dead, four injured after driver fails to give way","  Rejoyce Sibanda, Chronicle Reporter A 60-YEAR-OLD man from Nkulumane suburb died on the spot while four others ...",Local News,https://www.chronicle.co.zw/wp-content/uploads/sites/3/2021/09/Inspector-Abednico-Ncube--200x200.jpeg,https://www.chronicle.co.zw/one-dead-four-injured-after-driver-fails-to-give-way/
Munetsi mixes with best at Fifa awards,"Innocent Kurira, Sports Reporter ZIMBABWEAN international Marshall Munetsi was on Monday night amongst some of the ...",Sport,https://www.chronicle.co.zw/wp-content/uploads/sites/3/2023/02/tryhrth-200x200.jpg,https://www.chronicle.co.zw/munetsi-mixes-with-best-at-fifa-awards/
Nama Lifetime Achievement Award amazes Barbara Nkala,"Mbulelo Mpofu, Showbiz Reporter LITERARY matriarch Barbara Clara Makhalisa Nkala was amazed by the kind gesture shown by ...",Entertainment,https://www.chronicle.co.zw/wp-content/uploads/sites/3/2023/03/farwer-200x200.jpg,https://www.chronicle.co.zw/nama-lifetime-achievement-award-amazes-barbara-nkala/
Russia-Ukraine conflict: Zimbabwe occupies middle point by abstaining from UNGA Resolutions,"Wallace Musakanyi, Opinion The Russia-Ukraine conflict has been on-going for a year now and its impact has been dire and ...",Opinion & Analysis,https://www.chronicle.co.zw/wp-content/uploads/sites/3/2023/03/tyhtryxc-200x200.jpg,https://www.chronicle.co.zw/russia-ukraine-conflict-zimbabwe-occupies-middle-point-by-abstaining-from-unga-resolutions/
Horticultural sector continues to bloom,"Precious Manomano, Harare Bureau More hectares have been put under horticultural crops this season, and a significant ...",Local News,https://www.chronicle.co.zw/wp-content/uploads/sites/3/2023/01/Untitled-31-7-200x200.jpg,https://www.chronicle.co.zw/horticultural-sector-continues-to-bloom/
Bulawayo swimming association names team for junior nationals,"Brandon Moyo, Sports Reporter BULAWAYO Amateur Swimming Association (BASA) have named their squad for the upcoming ...",Sport,https://www.chronicle.co.zw/wp-content/uploads/sites/3/2023/02/fvdf-200x200.jpg,https://www.chronicle.co.zw/bulawayo-swimming-association-names-team-for-junior-nationals/
"Lack of water, proper fencing threatens irrigation scheme","Leonard Ncube, Victoria Falls Reporter WHEN villagers in Mpumelelo Village 25 in Kachechete Ward started Vusanani ...",Local News,https://www.chronicle.co.zw/wp-content/uploads/sites/3/2023/02/dghhjuuiju-200x200.jpg,https://www.chronicle.co.zw/lack-of-water-proper-fencing-threatens-irrigation-scheme/
Zimbabwe fall to Mozambique in final,"Innocent Kurira , Sports Reporter THE Zimbabwe men’s basketball side chocked when it mattered the most after falling ...",Sport,https://www.chronicle.co.zw/wp-content/uploads/sites/3/2023/02/dddfggbyhh-200x200.jpg,https://www.chronicle.co.zw/zimbabwe-fall-to-mozambique-in-final/
Zera urges use of  renewable energy sources,"Michael Makuza, Business Reporter THE Zimbabwe Energy Regulatory Authority (Zera) has urged consumers to use electricity ...",Business,https://www.chronicle.co.zw/wp-content/uploads/sites/3/2022/05/Untitled-42-1-200x200.jpg,https://www.chronicle.co.zw/zera-urges-use-of-renewable-energy-sources/
Hwange done with player recruitment,"Fungai Muderere, Senior Sports Reporter CASTLE Lager Premier Soccer League returnees Hwange say they are done with their ...",Sport,https://www.chronicle.co.zw/wp-content/uploads/sites/3/2023/02/csdf-200x200.jpg,https://www.chronicle.co.zw/hwange-done-with-player-recruitment/
October deadline for Zimplats 35MW solar project,"Nqobile Bhebhe, Senior Business Reporter THE country’s largest platinum producer, Zimplats, is targeting to complete its ...",Business,https://www.chronicle.co.zw/wp-content/uploads/sites/3/2023/03/yuhtjn-200x200.jpg,https://www.chronicle.co.zw/october-deadline-for-zimplats-35mw-solar-project/
Car accident kills Nkulumane man,"Rejoyce Sibanda, Chronicle Reporter A 60-YEAR-OLD man from Nkulumane suburb died on the spot while four others were ...",Local News,https://www.chronicle.co.zw/wp-content/uploads/sites/3/2021/11/road-accident-3-200x200.jpg,https://www.chronicle.co.zw/car-accident-kills-nkulumane-man/
Victoria Falls damaged roads affect tourism,"Leonard Ncube, Victoria Falls Reporter A MAJORITY of roads within Victoria Falls are now littered with potholes ...",Local News,https://www.chronicle.co.zw/wp-content/uploads/sites/3/2022/11/Untitled-1-200x200.jpg,https://www.chronicle.co.zw/victoria-falls-damaged-roads-affect-tourism/
Beitbridge municipality to enforce by-laws,"Thupeyo Muleya, Beitbridge Bureau THE Municipality of Beitbridge will soon start enforcing a number of by-laws to ...",Local News,https://www.chronicle.co.zw/wp-content/uploads/sites/3/2022/04/Beitbridge-mayor-councillor-Munyaradzi-Chitsunge-200x200.jpg,https://www.chronicle.co.zw/beitbridge-municipality-to-enforce-by-laws/
Lukhanyiso bus saga- company demands written apology from school to release bus,"Sikhumbuzo Moyo, Senior Reporter A Harare headquartered vehicle body engineering company has vowed not to release a ...",Local News,https://www.chronicle.co.zw/wp-content/uploads/sites/3/2023/02/Lukhanyiso-Primary-School-In-Mpopoma-Suburb-200x200.jpg,https://www.chronicle.co.zw/lukhanyiso-bus-saga-company-demands-written-apology-from-school-to-release-bus/
Hwange Local Board gives squat toilets users one month ultimatum,"  Sikhumbuzo Moyo, Online Reporter HWANGE Local Board has given Empumalanga residents who are still using squat ...",Local News,https://www.chronicle.co.zw/wp-content/uploads/sites/3/2022/04/Mr-Dumisani-Nsingo-200x200.jpg,https://www.chronicle.co.zw/hwange-local-board-gives-squat-toilets-users-one-month-ultimatum/
100MW giant rising… 9 000 solar panels installed to generate first 5MW,"Leonard Ncube, Victoria Falls Reporter CONSTRUCTION of the giant Victoria Falls-Chidobe Solar Plant outside the resort ...",Local News,https://www.chronicle.co.zw/wp-content/uploads/sites/3/2023/02/Solar-panels-mounted-for-the-fhe-5MW-first-phase-of-the-100MW-Chidobe-solar-plant-outside-Victoria-Falls-1-200x200.jpg,https://www.chronicle.co.zw/100mw-giant-rising-9-000-solar-panels-installed-to-generate-first-5mw/
WATCH: 138-year-old bullet-shaped jewel beetle still in shape,"Mashudu Netsianda, Deputy News Editor AISLES of mismatched wooden shelves and cabinets fill the fluorescent-lit room ...",Local News,https://www.chronicle.co.zw/wp-content/uploads/sites/3/2023/02/Bulawayo-Natural-History’s-head-of-the-entomology-department-and-curator-Ms-Dorothy-Chipo-Madamba-at-the-specimen-collection-room.-200x200.jpg,https://www.chronicle.co.zw/watch-138-year-old-bullet-shaped-jewel-beetle-still-in-shape/
"UK-based dentist transforms Somabula land, eyes export market","Patrick Chitumba, Midlands Bureau Chief A UNITED Kingdom-based dentist, Dr Shamiso Ketani (54) has transformed his ...",Local News,https://www.chronicle.co.zw/wp-content/uploads/sites/3/2023/02/Dr-Shamiso-Ketani-200x200.jpg,https://www.chronicle.co.zw/uk-based-dentist-transforms-somabula-land-eyes-export-market/
"COMMENT: Zimbabwe takes engagement, re-engagement to another level",ZIMBABWE last week took its engagement and re-engagement efforts to another level when it held the Second Structured ...,Opinion & Analysis,https://www.chronicle.co.zw/wp-content/uploads/sites/3/2021/12/AFDB-1-200x200.jpg,https://www.chronicle.co.zw/comment-zimbabwe-takes-engagement-re-engagement-to-another-level/
$50m industrial loans up for grabs,"Business Reporter THE Industrial Development Corporation of Zimbabwe (IDCZ), a wholly owned Government financial ...",Business,https://www.chronicle.co.zw/wp-content/uploads/sites/3/2019/05/IMG_6144-200x200.jpg,https://www.chronicle.co.zw/50m-industrial-loans-up-for-grabs/
"Surprises, frustration and disappointments at Nama","Tina Musonza, Harare Bureau The Government has embraced the just-ended National Arts Merit Awards (Nama) for setting a ...",Entertainment,https://www.chronicle.co.zw/wp-content/uploads/sites/3/2023/02/Obert-Dube-nama2023-200x200.jpg,https://www.chronicle.co.zw/surprises-frustration-and-disappointments-at-nama/
WATCH: Bosso chairman applauds supporters,"Ricky Zililo, Senior Sports Reporter HIGHLANDERS Football Club chairman Johnfat Sibanda has applauded the gesture by the ...",Sport,https://www.chronicle.co.zw/wp-content/uploads/sites/3/2021/01/johnfat1-200x200.jpg,https://www.chronicle.co.zw/watch-bosso-chairman-applauds-supporters/
He who has love,"THE book of 1 Corinthians 13 speaks about abiding in love, love being the greatest of all. Our God does not merely love ...",Opinion & Analysis,https://www.chronicle.co.zw/wp-content/uploads/sites/3/2022/04/Reading-Bible-200x200.jpg,https://www.chronicle.co.zw/he-who-has-love/
Zimbabwe women complete double over Zambia,"Innocent Kurira, Sports Reporter ZIMBABWE’S national women basketball team wrapped their Afro-basket qualifying pool ...",Sport,https://www.chronicle.co.zw/wp-content/uploads/sites/3/2023/02/ffgn-200x200.jpg,https://www.chronicle.co.zw/zimbabwe-women-complete-double-over-zambia/
EMA finalises LEAPs consultations,"Tafadzwa Chibukwa, Chronicle Reporter IN an effort to promote the inclusion of all groups and equal participation of ...",Local News,https://www.chronicle.co.zw/wp-content/uploads/sites/3/2021/10/Steady-Katanga-200x200.jpg,https://www.chronicle.co.zw/ema-finalises-leaps-consultations/
Waster pickers urge authorities to create safe environment,"Thandeka Moyo-Ndlovu, Senior Health Reporter WOMEN who pick waste for recycling at Bulawayo’s Richmond dumpsite ...",Local News,https://www.chronicle.co.zw/wp-content/uploads/sites/3/2023/02/Untitled-6-copy-4-200x200.jpg,https://www.chronicle.co.zw/waster-pickers-urge-authorities-to-create-safe-environment/
WATCH: Downright recklessness that leads to drowning in Zimbabwe,Lizzy Nekhoma and Maita Zizhou online reporters DESPITE numerous warnings and educational campaigns over the years ...,Local News,https://www.chronicle.co.zw/wp-content/uploads/sites/3/2018/12/drowning_647_091816122313-647x363-200x200.jpeg,https://www.chronicle.co.zw/watch-downright-recklessness-that-leads-to-drowning-in-zimbabwe/
Investor gets High Court boost,"Online Reporter The High Court of Zimbabwe in Harhas stopped a possible takeover of earth moving equipment business, ...",Crime & Courts,https://www.chronicle.co.zw/wp-content/uploads/sites/3/2023/01/Bulawayo-High-Court-of-Zimbabwe-200x200.jpg,https://www.chronicle.co.zw/investor-gets-high-court-boost/
Activists call for tougher against drug peddlers,"Tafadzwa Chibukwa, Online Reporter INORDER to triumph in the war against drugs and substance abuse, there is a need for ...",Local News,https://www.chronicle.co.zw/wp-content/uploads/sites/3/2023/02/WhatsApp-Image-2023-02-28-at-12.04.31-PM-200x200.jpg,https://www.chronicle.co.zw/activists-call-for-tougher-against-drug-peddlers/
"Premier Soccer release fixtures, season kickoff date set","  Ricky Zililo, Senior Sports Reporter THE 2023 edition of the Castle Lager Premier Soccer League will kick off on ...",Sport,https://www.chronicle.co.zw/wp-content/uploads/sites/3/2022/08/Untitled-28-8-200x200.jpg,https://www.chronicle.co.zw/premier-soccer-release-fixtures-season-kickoff-date-set/
Open verse challenge: Sing along to Vuyo Brown’s No Way song on TikTok,"  Millicent Dube, Showbiz Reporter There is a challenge that’s been trending in the music sector, the open verse ...",Entertainment,https://www.chronicle.co.zw/wp-content/uploads/sites/3/2022/11/Untitled-21-2-200x200.jpg,https://www.chronicle.co.zw/open-verse-challenge-sing-along-to-vuyo-browns-no-way-song-on-tiktok/
"One dead, four injured after driver fails to give way","  Rejoyce Sibanda, Chronicle Reporter A 60-YEAR-OLD man from Nkulumane suburb died on the spot while four others ...",Local News,https://www.chronicle.co.zw/wp-content/uploads/sites/3/2021/09/Inspector-Abednico-Ncube--200x200.jpeg,https://www.chronicle.co.zw/one-dead-four-injured-after-driver-fails-to-give-way/
Zanu PF gears for 2023 polls,"  Sikhumbuzo Moyo, Online Reporter ZANU PF politburo member Cde Elifasi Mashava has warned party cadres who have ...",Local News,https://www.chronicle.co.zw/wp-content/uploads/sites/3/2023/02/Untitled-1-17-200x200.jpg,https://www.chronicle.co.zw/zanu-pf-gears-for-2023-polls/
2 800 nabbed in national anti-drugs crackdown,"Rejoyce Sibanda, Chronicle Reporter A TOTAL of  2 807 people have been arrested during the ongoing national operation ...",Local News,https://www.chronicle.co.zw/wp-content/uploads/sites/3/2023/02/1-19-200x200.jpg,https://www.chronicle.co.zw/2-800-nabbed-in-national-anti-drugs-crackdown/
Educationists meet on deadly gang wars,  Nqobile Tshili STAKEHOLDERS in the education sector have converged at Townsend High School in Bulawayo to address ...,Local News,https://www.chronicle.co.zw/wp-content/uploads/sites/3/2023/02/Untitled-3-17-200x200.jpg,https://www.chronicle.co.zw/educationists-meet-on-deadly-gang-wars/
WATCH: Fees reversed amid campus skirmishes,"Flora Fadzai Sibanda, Chronicle Reporter STUDENTS at the National University of Science and Technology (Nust) yesterday ...",Local News,https://www.chronicle.co.zw/wp-content/uploads/sites/3/2023/02/zxzxdcfggg-200x200.jpg,https://www.chronicle.co.zw/watch-fees-reversed-amid-campus-skirmishes/
WATCH: Tax-compliant backyard fence maker employs 14,"Nqobile Tshili, Chronicle Reporter WHAT started as a part time and experiential job for a Bulawayo welder has blossomed ...",Local News,https://www.chronicle.co.zw/wp-content/uploads/sites/3/2023/02/dferrrr-200x200.jpg,https://www.chronicle.co.zw/watch-tax-compliant-backyard-fence-maker-employs-14/
Chief Dakamela to honour hardworkers,"Angela Sibanda, Chronicle Correspondent CHIEF Dakamela of Nkayi is set to present awards to people living under his ...",Local News,https://www.chronicle.co.zw/wp-content/uploads/sites/3/2023/02/szxxcvvbbb-200x200.jpg,https://www.chronicle.co.zw/chief-dakamela-to-honour-hardworkers/
‘I think I am close to being called a poetry legend’ – Obert Dube,"Angela Sibanda, Showbiz Correspondent RENOWNED poet Obert Dube has added a tenth award to his collection after scooping ...",Entertainment,https://www.chronicle.co.zw/wp-content/uploads/sites/3/2023/02/hjjjmnjmk-200x200.jpg,https://www.chronicle.co.zw/i-think-i-am-close-to-being-called-a-poetry-legend-obert-dube/
"Chiefs sign ex-Bosso, Bulawayo City striker","Ricky Zililo, Senior Sports Reporter TWENTY-THREE YEAR OLD striker Dalubuhle Dlodlo has joined Bulawayo Chiefs following ...",Sport,https://www.chronicle.co.zw/wp-content/uploads/sites/3/2023/02/Dalubuhle-Dlodlo-Bulawayo-Chiefs-200x200.jpg,https://www.chronicle.co.zw/chiefs-sign-ex-bosso-bulawayo-city-striker/
Ex-Chicken Inn player in fine scoring form in Slovakia,Fungai Muderere FORMER Chicken Inn fringe player Bravie Ayanda Sibanda is now plying his trade in Slovakia where he now ...,Sport,https://www.chronicle.co.zw/wp-content/uploads/sites/3/2023/02/Bravie-Ayanda-Siband-at-training-200x200.jpg,https://www.chronicle.co.zw/ex-chicken-inn-player-in-fine-scoring-form-in-slovakia/
Key Mangwe district projects come to life,"Sukulwenkosi Dube-Matutu, Matabeleland South Bureau Chief THE US$187 million devolution funds received by Mangwe Rural ...",Local News,https://www.chronicle.co.zw/wp-content/uploads/sites/3/2023/02/A-classroom-block-at-Watershed-Primary-which-was-built-using-devolution-funds-200x200.jpg,https://www.chronicle.co.zw/key-mangwe-district-projects-come-to-life/
Entrench Sexual harassment policy in newsrooms-ZMC,"Leonard Ncube, Online Reporter SEXUAL harassment at workplaces especially in the media can be solved if media houses ...",Local News,https://www.chronicle.co.zw/wp-content/uploads/sites/3/2023/02/ewtgtrfbcv-200x200.jpg,https://www.chronicle.co.zw/entrench-sexual-harassment-policy-in-newsrooms-zmc/
Kezi man strikes granny (68) to death,"Sukulwenkosi Dube-Matutu, Online Reporter A 28-YEAR-OLD Kezi man is on the run after fatally striking his 68-year-old ...",Local News,https://www.chronicle.co.zw/wp-content/uploads/sites/3/2021/04/Inspector-Loveness-Mangena-200x200.jpg,https://www.chronicle.co.zw/kezi-man-strikes-granny-68-to-death/
Zimbabwe contains measles outbreak,"Thandeka Moyo-Ndlovu, Senior Health Reporter ZIMBABWE has been able to contain the measles outbreak after vaccinating ...",Local News,https://www.chronicle.co.zw/wp-content/uploads/sites/3/2020/11/measles2-200x200.jpg,https://www.chronicle.co.zw/zimbabwe-contains-measles-outbreak/
Drug dealer caged 12 months,"Tafadzwa Chibukwa, Online Reporter A SUSPECTED drug dealer from Mvuma in the Midlands province who was recently arrested ...",Local News,https://www.chronicle.co.zw/wp-content/uploads/sites/3/2023/02/szssxdcfggb-200x200.jpg,https://www.chronicle.co.zw/drug-dealer-caged-12-months/
Rates incentive for people living with disabilities on the cards,  Midlands Bureau GWERU City Council (GCC) is considering introducing a rates payment incentive for people living ...,Local News,https://www.chronicle.co.zw/wp-content/uploads/sites/3/2023/02/Untitled-5-16-200x200.jpg,https://www.chronicle.co.zw/rates-incentive-for-people-living-with-disabilities-on-the-cards/
Zimbabwe Under-21 men’s hockey team produces good results,"  Brandon Moyo, Sports Reporter ZIMBABWE Hockey men’s Under-21 side recorded positive results in matches played at ...",Sport,https://www.chronicle.co.zw/wp-content/uploads/sites/3/2023/02/Untitled-4-18-200x200.jpg,https://www.chronicle.co.zw/zimbabwe-under-21-mens-hockey-team-produces-good-results/
"Female waste collectors bemoan abuse, violence at Ngozi Mine","Thandeka Moyo-Ndlovu, Senior Health Reporter WOMEN who pick waste for recycling at Bulawayo’s Richmond dumpsite ...",Local News,https://www.chronicle.co.zw/wp-content/uploads/sites/3/2019/08/bcc11-200x200.jpg,https://www.chronicle.co.zw/female-waste-collectors-bemoan-abuse-violence-at-ngozi-mine/
Nakamba available to face Birmingham,"  Mehluli Sibanda, Sports Editor ZIMBABWEAN midfielder Marvelous Nakamba is available for Luton Town when they face ...",Sport,https://www.chronicle.co.zw/wp-content/uploads/sites/3/2023/02/qaqaqaqa-200x200.jpg,https://www.chronicle.co.zw/nakamba-available-to-face-birmingham/
Sad case of man Absolved of fraud  after his death,"Sikhumbuzo Moyo, Senior Reporter HE probably died a very pained man while his co-accused has been living a miserable ...",Local News,https://www.chronicle.co.zw/wp-content/uploads/sites/3/2023/02/Untitled-1-13-200x200.jpg,https://www.chronicle.co.zw/sad-case-of-man-absolved-of-fraud-after-his-death/
Sad case of man Absolved of fraud  after his death,"Sikhumbuzo Moyo, Senior Reporter HE probably died a very pained man while his co-accused has been living a miserable ...",Local News,https://www.chronicle.co.zw/wp-content/uploads/sites/3/2023/02/Untitled-1-13-200x200.jpg,https://www.chronicle.co.zw/sad-case-of-man-absolved-of-fraud-after-his-death-2/
Rescheduled 9ice Festival postponed,"Mbulelo Mpofu, Showbiz Reporter THE rescheduled Zimbabwe leg of the 9ice Festival which was slated for next Saturday at ...",Entertainment,https://www.chronicle.co.zw/wp-content/uploads/sites/3/2022/02/cyclone22-200x200.jpg,https://www.chronicle.co.zw/rescheduled-9ice-festival-postponed/
"Out with marriage, in with divorce! 100% rise in cases at High Court","Thandeka Moyo-Ndlovu, Senior Reporter ZIMBABWE recorded a 100 percent increase in divorce cases last year, a development ...",Local News,https://www.chronicle.co.zw/wp-content/uploads/sites/3/2022/07/Untitled-30-9-200x200.jpg,https://www.chronicle.co.zw/out-with-marriage-in-with-divorce-100-rise-in-cases-at-high-court/
Burbs in the ghetto: little paradise built ekasi baffles residents,"Raymond Jaravaza, Saturday Chronicle Correspondent SANDWICHED between two very old suburbs, Nguboyenja and Thorngrove, ...",Local News,https://www.chronicle.co.zw/wp-content/uploads/sites/3/2023/02/Untitled-7-copy-3-200x200.jpg,https://www.chronicle.co.zw/burbs-in-the-ghetto-little-paradise-built-ekasi-baffles-residents/
"VaPositori pledge 2,3m votes for President","Fungi Kwaramba, Harare Bureau ONE of the biggest churches in the country with the largest following in terms of numbers ...",Local News,https://www.chronicle.co.zw/wp-content/uploads/sites/3/2023/02/Untitled-5-copy-1-200x200.jpg,https://www.chronicle.co.zw/vapositori-pledge-23m-votes-for-president/
COMMENT: Zimbabwe has the potential to reclaim its bread basket status,  VISITING Food and Agriculture Organisation (FAO) Director General Qu Dongyu has hailed the transformation of ...,Opinion & Analysis,https://www.chronicle.co.zw/wp-content/uploads/sites/3/2022/05/Untitled-27-22-200x200.jpg,https://www.chronicle.co.zw/comment-zimbabwe-has-the-potential-to-reclaim-its-bread-basket-status/
Highlanders’ financials: Something is STINKING!,"Ricky Zililo, Senior Sports Reporter HIGHLANDERS Football Club’s bonafide members will have to wait a bit longer to ...",Sport,https://www.chronicle.co.zw/wp-content/uploads/sites/3/2023/02/Highlanders-FC-AGM-treasurer-200x200.jpg,https://www.chronicle.co.zw/highlanders-financials-something-is-stinking/
"Give me bars, give me hip-hop…DGV Rap Battles celebrate 10 years","Mbulelo Mpofu, Showbiz Reporter WHAT is the barometer for knowing who the greatest rapper in the hip-hop genre is? Many ...",Entertainment,https://www.chronicle.co.zw/wp-content/uploads/sites/3/2023/02/fggtrdfd-200x200.jpg,https://www.chronicle.co.zw/give-me-bars-give-me-hip-hop-dgv-rap-battles-celebrate-10-years/
"No groundsmen, no Raza: Meet Zimbabwe Cricket’s unsung heroes","Brandon Moyo, Sports Reporter  WHENEVER a team does well, praise is showered on the players and the coaching staff. This ...",Sport,https://www.chronicle.co.zw/wp-content/uploads/sites/3/2023/02/XVBJMNHEE-200x200.jpg,https://www.chronicle.co.zw/no-groundsmen-no-raza-meet-zimbabwe-crickets-unsung-heroes/
Engagement clears development path,"Fungi Kwaramba, Harare Bureau ZIMBABWE is poised for greatness through the re-engagement and engagement drive by ...",Local News,https://www.chronicle.co.zw/wp-content/uploads/sites/3/2023/02/u-200x200.jpg,https://www.chronicle.co.zw/engagement-clears-development-path/
Meet the pioneer chemist who helped Byo ward off Covid-19,"Flora Fadzai Sibanda, Chronicle Reporter WHEN he graduated at the National University of Science and Technology (NUST) ...",Local News,https://www.chronicle.co.zw/wp-content/uploads/sites/3/2023/02/Tierra-Chemicals6.jpg7_-200x200.jpg,https://www.chronicle.co.zw/meet-the-pioneer-chemist-who-helped-byo-ward-off-covid-19/
WATCH: Indigenous poetry in safe hands,"Mbulelo Mpofu, Showbiz Reporter HE came, he saw, he conquered! If up-and-coming poet from Gwanda Thaluso Da Poet (real ...",Entertainment,https://www.chronicle.co.zw/wp-content/uploads/sites/3/2021/02/Thaluso-Moyo-200x200.jpg,https://www.chronicle.co.zw/watch-indigenous-poetry-in-safe-hands/
"Dubious exam results, dubious drugs joy","Stephen Mpofu, Perspective YOU (yes you) guessed right, the instalment in today’s Saturday column is about illicit joy ...",Opinion & Analysis,https://www.chronicle.co.zw/wp-content/uploads/sites/3/2023/02/Illicit-drugs-200x200.jpg,https://www.chronicle.co.zw/dubious-exam-results-dubious-drugs-joy/
‘I-Bosso yakhiwa ngabaniniyo’. . . Highlanders’ fans step up to assist the club,"Ricky Zililo, Senior Sports Reporter FEBRUARY is significant in the history of Zimbabwean football as it is the month ...",Sport,https://www.chronicle.co.zw/wp-content/uploads/sites/3/2023/02/htyt4566rr-200x200.jpg,https://www.chronicle.co.zw/i-bosso-yakhiwa-ngabaniniyo-highlanders-fans-step-up-to-assist-the-club/
Binga investor targets first quarter coal sales,"Nqobile Bhebhe, Senior Business Reporter LONDON Alternative Investment (AIM)-listed miner — Contango Holdings is upbeat ...",Business,https://www.chronicle.co.zw/wp-content/uploads/sites/3/2023/01/hgbgfff-200x200.jpg,https://www.chronicle.co.zw/binga-investor-targets-first-quarter-coal-sales/
Bulawayo tourism champion bags top accolade,"Canditar Chapanduka, Chronicle Reporter Bulawayo-based tourism champion Mr Kudakwashe Garaipasi (33) was among the 16 ...",Local News,https://www.chronicle.co.zw/wp-content/uploads/sites/3/2023/02/dfsegs-200x200.jpg,https://www.chronicle.co.zw/bulawayo-tourism-champion-bags-top-accolade/
Government relaxes maize sale restrictions,"Leonard Ncube, Victoria Falls Reporter Government says it has relaxed regulations on marketing of agricultural produce ...",Local News,https://www.chronicle.co.zw/wp-content/uploads/sites/3/2022/06/Untitled-35-2-200x200.jpg,https://www.chronicle.co.zw/government-relaxes-maize-sale-restrictions/
Civil servants’ salary talks resume,"STALLED salary negotiations between the Government and civil servants, which the latter had called off over lack of ...",Local News,https://www.chronicle.co.zw/wp-content/uploads/sites/3/2022/02/Minister-Professor-Paul-Mavima-200x200.jpg,https://www.chronicle.co.zw/civil-servants-salary-talks-resume/
Networking platforms bolden women entrepreneurs,"Sikhulekelani Moyo, Business Reporter WOMEN Affairs, Community, Small and Medium Enterprises Development Minister, Dr ...",Business,https://www.chronicle.co.zw/wp-content/uploads/sites/3/2022/03/Sithembiso-Nyoni-1-200x200.jpg,https://www.chronicle.co.zw/networking-platforms-bolden-women-entrepreneurs/
Health ambassadors 4ED treat residents free of charge,"Flora Fadzai Sibanda, Online Reporter MORE than 150 residents received free medical services offered by Health ...",Local News,https://www.chronicle.co.zw/wp-content/uploads/sites/3/2023/01/download-4-1-200x200.jpg,https://www.chronicle.co.zw/health-ambassadors-4ed-treat-residents-free-of-charge-2/
Rullzynation IntwanakaGogo drops EP,"Mthabisi Tshuma, Showbiz Reporter RISING musician Rullzynation IntwanakaGogo (born Brian Mthetho) has released an EP ...",Entertainment,https://www.chronicle.co.zw/wp-content/uploads/sites/3/2023/02/Untitled-14-8-200x200.jpg,https://www.chronicle.co.zw/rullzynation-intwanakagogo-drops-ep/
Founders High School pupil killer remanded in custody again,"  Tafadzwa Chibukwa, Online Reporter A 17-YEAR-OLD pupil from Hamilton High School who allegedly fatally stabbed a ...",Local News,https://www.chronicle.co.zw/wp-content/uploads/sites/3/2023/02/Untitled-1-4-200x200.jpg,https://www.chronicle.co.zw/founders-high-school-pupil-killer-remanded-in-custody-again/
Byo dancer Cocoa relishes Nama @21 performance,"  Mthabisi Tshuma, Showbiz Reporter FOR Bulawayo-born beauty and dancer Ellain Ncube aka Cocoa, this past weekend ...",Entertainment,https://www.chronicle.co.zw/wp-content/uploads/sites/3/2023/02/Untitled-15-8-200x200.jpg,https://www.chronicle.co.zw/byo-dancer-cocoa-relishes-nama-21-performance/
Bonaqua Troutbeck Africa Triathlon Cup launched Inbox,"Ricky Zililo, Senior Sports Reporter MORE than 15 countries have confirmed their participation status at the 2023 ...",Sport,https://www.chronicle.co.zw/wp-content/uploads/sites/3/2023/02/Untitled-13-10-200x200.jpg,https://www.chronicle.co.zw/bonaqua-troutbeck-africa-triathlon-cup-launched-inbox/
Health ambassadors 4ED treat residents free of charge,"  Flora Fadzai Sibanda, Online Reporter MORE than 150 residents received free medical services offered by Health ...",Local News,,https://www.chronicle.co.zw/health-ambassadors-4ed-treat-residents-free-of-charge/
Intombi Yabelungu tackles lobola indifferences on latest EP,"   Mthabisi Tshuma, Showbiz Reporter SOUTH Africa-based maskandi musician Intombi Yabelungu has released an EP ...",Entertainment,https://www.chronicle.co.zw/wp-content/uploads/sites/3/2023/02/Untitled-12-8-200x200.jpg,https://www.chronicle.co.zw/intombi-yabelungu-tackles-lobola-indifferences-on-latest-ep/
Nust students plan celebratory bash after university reduces fees,"  Flora Fadzai Sibanda, Online Reporter STUDENTS at the National University of Science and Technology (Nust) are ...",Local News,https://www.chronicle.co.zw/wp-content/uploads/sites/3/2023/02/Untitled-9-13-200x200.jpg,https://www.chronicle.co.zw/nust-students-plan-celebratory-bash-after-university-reduces-fees/
Government bans AGMs on school premises,"Sikhumbuzo Moyo, Senior Reporter THE Government has banned holding of annual general meetings within school premises ...",Local News,https://www.chronicle.co.zw/wp-content/uploads/sites/3/2020/12/Taungana-Ndoro-200x200.jpg,https://www.chronicle.co.zw/government-bans-agms-on-school-premises/
Etherton Beenie descends on Midlands,"Michael Magoronga, Midlands Correspondent POPULAR chanter Etherton Beenie, will this weekend invade the Midlands ...",Entertainment,https://www.chronicle.co.zw/wp-content/uploads/sites/3/2023/02/1-18-200x200.jpg,https://www.chronicle.co.zw/etherton-beenie-descends-on-midlands/
Chicken Inn donates to Mtshede Primary School,"Fungai Muderere, Senior Sports Reporter HAVING had their junior teams establish base at Mtshede Primary School in ...",Sport,https://www.chronicle.co.zw/wp-content/uploads/sites/3/2023/02/1-17-200x200.jpg,https://www.chronicle.co.zw/chicken-inn-donates-to-mtshede-primary-school/
Bulawayo Metropolitan Rugby Football Board AGM set for Sunday,"Brandon Moyo, Sports Reporter THE Bulawayo Metropolitan Rugby Football Board (BMRFB) Annual General Meeting (AGM) is set ...",Sport,https://www.chronicle.co.zw/wp-content/uploads/sites/3/2023/02/CBC-versus-Select--200x200.jpg,https://www.chronicle.co.zw/bulawayo-metropolitan-rugby-football-board-agm-set-for-sunday/
Innscor registers on Victoria Falls Stock exchange,"Leonard Ncube, Online Reporter DIVERSIFIED Pan-African management holding company Innscor Africa Limited, was today ...",Local News,https://www.chronicle.co.zw/wp-content/uploads/sites/3/2023/02/In-200x200.jpg,https://www.chronicle.co.zw/innscor-registers-on-victoria-falls-stock-exchange/
Five nabbed at border for smuggling 36kg of dagga in washing powder boxes,"Sukulwenkosi Dube-Matutu, Online Reporter POLICE have arrested five suspects for possession of 36kgs of dagga which they ...",Local News,https://www.chronicle.co.zw/wp-content/uploads/sites/3/2023/02/Recovered-dagga-200x200.jpg,https://www.chronicle.co.zw/five-nabbed-at-border-for-smuggling-36kg-of-dagga-in-washing-powder-boxes/
National Champions League pool contest postponed,"Fungai Muderere, Senior Sports Reporter THE National Champions League pool contest that was scheduled to take place on ...",Sport,https://www.chronicle.co.zw/wp-content/uploads/sites/3/2023/02/ujhjmnmhj-200x200.jpg,https://www.chronicle.co.zw/national-champions-league-pool-contest-postponed/
Victoria Falls Boxing Academy hosts Zimbabwe Boxing Federation national open,"Ricky Zililo, Senior Sports Reporter AT least 50 bouts will be staged when the Victoria Falls Boxing Academy plays host ...",Sport,https://www.chronicle.co.zw/wp-content/uploads/sites/3/2023/02/victoria-falls-boxing-academy-youngsters-200x200.jpg,https://www.chronicle.co.zw/victoria-falls-boxing-academy-hosts-zimbabwe-boxing-federation-national-open/
Major facelift for Beitbridge’s Dulivhadzimo on cards,"Nqobile Bhebhe, Senior Business Reporter BEITBRIDGE’S oldest residential area, Dulivhadzimo, which is susceptible to ...",Business,https://www.chronicle.co.zw/wp-content/uploads/sites/3/2023/02/unnamed-12-200x200.png,https://www.chronicle.co.zw/major-facelift-for-beitbridges-dulivhadzimo-on-cards/
"Bodies lie unclaimed at Gokwe, Gweru mortuaries","Michael Magoronga, Midlands Correspondent  POLICE in Midlands Province are appealing to members of the public to help ...",Local News,https://www.chronicle.co.zw/wp-content/uploads/sites/3/2021/11/Inspector-Mahoko-2-200x200.jpg,https://www.chronicle.co.zw/bodies-lie-unclaimed-at-gokwe-gweru-mortuaries/
Nipsey Hussle killer jailed 60 years,The man who shot dead Grammy-winning rapper Nipsey Hussle on a Los Angeles street in 2019 was jailed for at least 60 ...,International News,https://www.chronicle.co.zw/wp-content/uploads/sites/3/2023/02/doc-339U29U-@photo1-200x200.jpg,https://www.chronicle.co.zw/nipsey-hussle-killer-jailed-60-years/
R Kelly sentenced to 20 years in prison for child sex crimes,– Judge ruled singer will serve this at the same time as the current 30-year sentence R Kelly has been sentenced ...,Crime & Courts,https://www.chronicle.co.zw/wp-content/uploads/sites/3/2019/01/R-KELLY-200x200.jpg,https://www.chronicle.co.zw/r-kelly-sentenced-to-20-years-in-prison-for-child-sex-crimes/
Fish won’t stop raining from the sky in rare weather phenomenon,An Australian town is making headlines after a bizarre weather phenomenon saw fish raining from the sky Lajamanu – ...,International News,https://www.chronicle.co.zw/wp-content/uploads/sites/3/2023/02/Fish-from-the-sky-200x200.jpg,https://www.chronicle.co.zw/fish-wont-stop-raining-from-the-sky-in-rare-weather-phenomenon/
AKA’s Mass Country album out!,Slain South African rapper AKA’s posthumous album Mass Country has been released. The 14-track project is available for ...,Entertainment,https://www.chronicle.co.zw/wp-content/uploads/sites/3/2023/02/FpF858IaMAMWVfl-200x200.jpg,https://www.chronicle.co.zw/akas-mass-country-album-out/
New awards for NAMA 2024 on the cards?,"Mbulelo Mpofu, Showbiz Reporter ON Wednesday, the National Arts Council of Zimbabwe (NACZ) held a consultative meeting ...",Entertainment,https://www.chronicle.co.zw/wp-content/uploads/sites/3/2023/02/jgsdhjfsdaghf-200x200.jpg,https://www.chronicle.co.zw/new-awards-for-nama-2024-on-the-cards/
Passport offices to close on Saturdays,"Flora Fadzai Sibanda, Online Reporter The Civil Registry Department has announced that Bulawayo and Harare passport ...",Local News,https://www.chronicle.co.zw/wp-content/uploads/sites/3/2022/12/rtrgfghh-200x200.jpg,https://www.chronicle.co.zw/passport-offices-to-close-on-saturdays/
Beitbridge proposes solar farm investment project,"Nqobile Bhebhe, Senior Business Reporter BEITBRIDGE Municipality has proposed an ambitious program to develop a solar ...",Local News,https://www.chronicle.co.zw/wp-content/uploads/sites/3/2022/06/Untitled-6-7-200x200.jpg,https://www.chronicle.co.zw/beitbridge-proposes-solar-farm-investment-project/
"BCC officers,  vendors hurt in dawn market raid…Rubber bullets, fire engine water used in 5th Av operation","Thandeka Moyo-Ndlovu/ Canditar Chapanduka, Chronicle Reporters BULAWAYO City Council fired rubber bullets and used a ...",Local News,https://www.chronicle.co.zw/wp-content/uploads/sites/3/2023/02/Untitled-11-13-200x200.jpg,https://www.chronicle.co.zw/bcc-officers-vendors-hurt-in-dawn-market-raid-rubber-bullets-fire-engine-water-used-in-5th-av-operation/
"Zimbabwe determined to entrench economic,  political reforms","Harare Bureau DESPITE the burden of illegal economic sanctions, Zimbabwe is determined to settle its debt to both local ...",Local News,https://www.chronicle.co.zw/wp-content/uploads/sites/3/2023/02/Untitled-33-5-200x200.jpg,https://www.chronicle.co.zw/zimbabwe-determined-to-entrench-economic-political-reforms/
Top 10 with Prince Eskhosini,"This week, Ashleigh Love’s track Rudo Mwenje featuring Black Orient is topping the charts. Below is her profile. ...",Entertainment,https://www.chronicle.co.zw/wp-content/uploads/sites/3/2022/09/Ashleigh-Love-200x200.jpg,https://www.chronicle.co.zw/top-10-with-prince-eskhosini/
First Lady donates to major referral hospitals in Harare & Bulawayo,Tendai Rupapa and Sikhumbuzo Moyo PROVIDING patients with proper nutrition helps them to speedily heal and bolster their ...,Local News,https://www.chronicle.co.zw/wp-content/uploads/sites/3/2023/02/Untitled-25-7-200x200.jpg,https://www.chronicle.co.zw/first-lady-donates-to-major-referral-hospitals-in-harare-bulawayo/
No joy for Zim at  basketball qualifiers,"Innocent Kurira, Sports Reporter  THERE was no joy for Zimbabwe as both the men and women sides lost their Afro-Can and ...",Sport,https://www.chronicle.co.zw/wp-content/uploads/sites/3/2023/02/Untitled-7-12-200x200.jpg,https://www.chronicle.co.zw/no-joy-for-zim-at-basketball-qualifiers/
COMMENT:Order is paramount in the city,THE Bulawayo City Council’s operation to deal with illegal activities along 5th Avenue should signal the beginning of ...,Opinion & Analysis,https://www.chronicle.co.zw/wp-content/uploads/sites/3/2019/05/Mrs-Nesisa-Mpofu-200x200.jpg,https://www.chronicle.co.zw/commentorder-is-paramount-in-the-city/
Gwanda field schools produce liquid fertiliser,"Sukulwenkosi Dube-Matutu, Matabeleland South Bureau Chief SIYAPHAMBILI and Unity farmer field schools in Gwanda, ...",Local News,https://www.chronicle.co.zw/wp-content/uploads/sites/3/2023/02/Untitled-35-2-200x200.jpg,https://www.chronicle.co.zw/gwanda-field-schools-produce-liquid-fertiliser/
‘Taxation policy must be gender sensitive’,"Business Reporter ZIMBABWE Revenue Authority (Zimra) commissioner-general, Ms Regina Chinamasa, has stressed the need ...",Business,https://www.chronicle.co.zw/wp-content/uploads/sites/3/2022/10/Untitled-7-copy-5-200x200.jpg,https://www.chronicle.co.zw/taxation-policy-must-be-gender-sensitive/
The case of roadside trees and traffic safety,"Nkosilathi Sibanda TREES that align close to highways can either save lives, injure or kill, in the event of an ...",Local News,https://www.chronicle.co.zw/wp-content/uploads/sites/3/2022/01/Trees-hazard-new-200x200.jpg,https://www.chronicle.co.zw/the-case-of-roadside-trees-and-traffic-safety/
Coaches attend Caf A licence refresher course,"Ricky Zililo, Senior Sports Reporter ZAMBIAN elite Confederation of African Football instructor Honour Janza is ...",Sport,https://www.chronicle.co.zw/wp-content/uploads/sites/3/2023/02/Untitled-39-3-200x200.jpg,https://www.chronicle.co.zw/coaches-attend-caf-a-licence-refresher-course/
No need for Zim to import honey,ZIMBABWE should not be importing honey as it has the best vegetation and climatic conditions to produce the commodity in ...,Business,https://www.chronicle.co.zw/wp-content/uploads/sites/3/2023/02/huyyh-200x200.jpg,https://www.chronicle.co.zw/no-need-for-zim-to-import-honey/
Team Nkalakatha Music out to conquer,"Mbulelo Mpofu, Showbiz Reporter AT the turn of the millennium, late South African Kwaito artiste Mandoza (born Mduduzi ...",Entertainment,https://www.chronicle.co.zw/wp-content/uploads/sites/3/2023/02/Untitled-28-5-200x200.jpg,https://www.chronicle.co.zw/team-nkalakatha-music-out-to-conquer/
"Low profitability, low prices renders cotton growing unattractive","Patrick Chitumba, Midlands Bureau Chief IN 1994 Ms Ivy Moyo (58) and her husband, now late, relocated from Rengwe ...",Opinion & Analysis,https://www.chronicle.co.zw/wp-content/uploads/sites/3/2023/02/Untitled-4-17-200x200.jpg,https://www.chronicle.co.zw/low-profitability-low-prices-renders-cotton-growing-unattractive/
Community pools resources to refurbish Ndlovu Sec school,"Leonard Ncube, Victoria Falls Reporter NDLOVU Secondary School which was damaged by a storm in November last year has ...",Local News,https://www.chronicle.co.zw/wp-content/uploads/sites/3/2023/02/Untitled-26-5-200x200.jpg,https://www.chronicle.co.zw/community-pools-resources-to-refurbish-ndlovu-sec-school/
"Local, foreign coaches seek jobs at FC Talen Vision","Fungai Muderere, Senior Sports Reporter FORMER Premier Soccer League coach Philani Mabhena and ex Highlanders left back ...",Sport,https://www.chronicle.co.zw/wp-content/uploads/sites/3/2023/02/Untitled-9-12-200x200.jpg,https://www.chronicle.co.zw/local-foreign-coaches-seek-jobs-at-fc-talen-vision/
Mining Bill ringfences 9 strategic minerals,"Nqobile Bhebhe, Senior Business Reporter GOVERNMENT is moving towards ring-fencing nine strategic minerals to ensure ...",Business,https://www.chronicle.co.zw/wp-content/uploads/sites/3/2023/02/ffrwasqa-200x200.jpg,https://www.chronicle.co.zw/mining-bill-ringfences-9-strategic-minerals/
Re-engagement drive continues to bear fruit,"Zvamaida Murwira, Harare Bureau ZIMBABWE’s engagement and re-engagement efforts continue to bear fruit as evidenced by ...",Local News,https://www.chronicle.co.zw/wp-content/uploads/sites/3/2023/02/Untitled-10-12-200x200.jpg,https://www.chronicle.co.zw/re-engagement-drive-continues-to-bear-fruit/
Recognise when  you need help,The Word of God teaches us that truth sets you free. Sometimes in life you go through bad things that affect your ...,Opinion & Analysis,https://www.chronicle.co.zw/wp-content/uploads/sites/3/2021/10/bible-200x200.jpg,https://www.chronicle.co.zw/recognise-when-you-need-help-2/
Minister launches Presidential poultry scheme in Bulawayo,"Sikhumbuzo Moyo, Senior Reporter BULAWAYO Provincial Affairs and Devolution Minister Judith Ncube yesterday launched the ...",Local News,https://www.chronicle.co.zw/wp-content/uploads/sites/3/2023/02/Untitled-31-4-200x200.jpg,https://www.chronicle.co.zw/minister-launches-presidential-poultry-scheme-in-bulawayo/
"US$1,5 million medical  lab at UBH 85% complete","Sikhumbuzo Moyo, Senior Reporter THE United Bulawayo Hospitals (UBH) state-of-the-art medical laboratory is nearing ...",Local News,https://www.chronicle.co.zw/wp-content/uploads/sites/3/2023/02/Untitled-6-16-200x200.jpg,https://www.chronicle.co.zw/us15-million-medical-lab-at-ubh-85-complete/
Tuskers looking to get back to winning ways,"Brandon Moyo, Sports Reporter TUSKERS will be hoping to save their 2022/23 domestic Twenty20 competition when they go up ...",Sport,https://www.chronicle.co.zw/wp-content/uploads/sites/3/2023/02/Untitled-27-5-200x200.jpg,https://www.chronicle.co.zw/tuskers-looking-to-get-back-to-winning-ways/
"Africa needs pro-poor, inclusive recovery efforts: UNECA","Business Reporter FOLLOWING the multiple financial, health, and climate crises affecting Africa, United Nations Economic ...",Business,https://www.chronicle.co.zw/wp-content/uploads/sites/3/2023/02/Untitled-29-3-200x200.jpg,https://www.chronicle.co.zw/africa-needs-pro-poor-inclusive-recovery-efforts-uneca/
